user,position,user_seed_genre,cont_drift,cat_drift,total_drift
0f547591ab654965b1a2369a42034e4b_Ömercan1,2,5,3.2557818953470496,0.5,3.7557818953470496
0f547591ab654965b1a2369a42034e4b_Ömercan1,3,5,3.283854106054055,1.0,4.283854106054055
0f547591ab654965b1a2369a42034e4b_Ömercan1,4,5,4.178381548708933,1.0,5.178381548708933
0f547591ab654965b1a2369a42034e4b_Ömercan1,5,5,3.7728967989132256,0.5,4.272896798913226
0f547591ab654965b1a2369a42034e4b_Ömercan1,6,5,2.7671788450926265,0.5,3.2671788450926265
0f547591ab654965b1a2369a42034e4b_Ömercan1,7,5,2.980651558159731,1.0,3.980651558159731
0f547591ab654965b1a2369a42034e4b_Ömercan1,8,5,3.895496938299361,1.0,4.895496938299361
0f547591ab654965b1a2369a42034e4b_Ömercan1,9,5,2.913443860142345,1.0,3.913443860142345
0f547591ab654965b1a2369a42034e4b_Ömercan1,10,5,2.5295360031114327,0.5,3.0295360031114327
0f547591ab654965b1a2369a42034e4b_Ömercan1,11,5,3.661315513265264,0.5,4.161315513265264
0f547591ab654965b1a2369a42034e4b_Ömercan1,12,5,4.031449519101437,0.0,4.031449519101437
0f547591ab654965b1a2369a42034e4b_Ömercan1,13,5,2.499292043571623,1.0,3.499292043571623
0f547591ab654965b1a2369a42034e4b_Ömercan1,14,5,3.307767734132642,0.5,3.807767734132642
0f547591ab654965b1a2369a42034e4b_Ömercan1,15,5,5.278476421697779,0.5,5.778476421697779
0f547591ab654965b1a2369a42034e4b_Ömercan1,16,5,4.0264027616026326,1.0,5.0264027616026326
0f547591ab654965b1a2369a42034e4b_Ömercan1,17,5,3.65066329836336,1.0,4.6506632983633605
0f547591ab654965b1a2369a42034e4b_Ömercan1,18,5,2.874169007802847,0.0,2.874169007802847
0f547591ab654965b1a2369a42034e4b_Ömercan1,19,5,2.6637931107174126,0.5,3.1637931107174126
0f547591ab654965b1a2369a42034e4b_Ömercan1,20,5,3.9512006432467577,1.0,4.951200643246757
0f547591ab654965b1a2369a42034e4b_Ömercan1,21,5,2.9610021337346395,1.0,3.9610021337346395
0f547591ab654965b1a2369a42034e4b_Ömercan1,22,5,2.9926136901793563,1.0,3.9926136901793563
0f547591ab654965b1a2369a42034e4b_Ömercan1,23,5,2.6534480908531313,1.0,3.6534480908531313
0f547591ab654965b1a2369a42034e4b_Ömercan1,24,5,2.8887285602289827,0.5,3.3887285602289827
0f547591ab654965b1a2369a42034e4b_Ömercan1,25,5,3.1646962999587767,1.0,4.164696299958777
0f547591ab654965b1a2369a42034e4b_Ömercan1,26,5,3.412820003062503,0.5,3.912820003062503
0f547591ab654965b1a2369a42034e4b_Ömercan1,27,5,2.8870272769061835,1.0,3.8870272769061835
0f547591ab654965b1a2369a42034e4b_Ömercan1,28,5,2.84389396594474,1.0,3.84389396594474
0f547591ab654965b1a2369a42034e4b_Ömercan1,29,5,4.421644435109686,1.0,5.421644435109686
0f547591ab654965b1a2369a42034e4b_Ömercan1,30,5,4.116231462030019,0.0,4.116231462030019
0f547591ab654965b1a2369a42034e4b_Ömercan1,31,5,2.0920467184123743,1.0,3.0920467184123743
0f547591ab654965b1a2369a42034e4b_Ömercan1,32,5,1.9469685018072538,0.5,2.4469685018072536
0f547591ab654965b1a2369a42034e4b_Ömercan1,33,5,2.61824074217592,0.5,3.11824074217592
0f547591ab654965b1a2369a42034e4b_Ömercan1,34,5,3.5621828496272907,1.0,4.562182849627291
0f547591ab654965b1a2369a42034e4b_Ömercan1,35,5,2.0537739659494996,0.5,2.5537739659494996
0f547591ab654965b1a2369a42034e4b_Ömercan1,36,5,3.375213744556871,0.5,3.875213744556871
0f547591ab654965b1a2369a42034e4b_Ömercan1,37,5,5.47537252466631,1.0,6.47537252466631
0f547591ab654965b1a2369a42034e4b_Ömercan1,38,5,3.1781680470553284,1.0,4.178168047055328
0f547591ab654965b1a2369a42034e4b_Ömercan1,39,5,3.016524447479417,0.5,3.516524447479417
0f547591ab654965b1a2369a42034e4b_Ömercan1,40,5,3.90628952158288,1.0,4.90628952158288
0f547591ab654965b1a2369a42034e4b_Ömercan1,41,5,3.1881460023007806,0.5,3.6881460023007806
0f547591ab654965b1a2369a42034e4b_Ömercan1,42,5,1.9246818280201077,0.5,2.4246818280201077
0f547591ab654965b1a2369a42034e4b_Ömercan1,43,5,3.613353409938078,1.0,4.613353409938078
0f547591ab654965b1a2369a42034e4b_Ömercan1,44,5,2.4330310951657568,1.0,3.4330310951657568
0f547591ab654965b1a2369a42034e4b_Ömercan1,45,5,3.346136898965354,0.5,3.846136898965354
0f547591ab654965b1a2369a42034e4b_Ömercan1,46,5,4.252246590413099,0.5,4.752246590413099
0f547591ab654965b1a2369a42034e4b_Ömercan1,47,5,2.5171415316127272,0.5,3.0171415316127272
0f547591ab654965b1a2369a42034e4b_Ömercan1,48,5,2.1931611998074816,1.0,3.1931611998074816
0f547591ab654965b1a2369a42034e4b_Ömercan1,49,5,2.4428501709074903,0.5,2.9428501709074903
0f547591ab654965b1a2369a42034e4b_Ömercan1,50,5,2.5507902906143647,0.5,3.0507902906143647
0f547591ab654965b1a2369a42034e4b_Ömercan1,51,5,3.6361140152561786,1.0,4.636114015256179
23aada40ba9e4409a6609a7efe0343fc_Ömercan2,2,5,3.283854106054055,1.0,4.283854106054055
23aada40ba9e4409a6609a7efe0343fc_Ömercan2,3,5,3.7728967989132256,0.5,4.272896798913226
23aada40ba9e4409a6609a7efe0343fc_Ömercan2,4,5,4.178381548708933,1.0,5.178381548708933
23aada40ba9e4409a6609a7efe0343fc_Ömercan2,5,5,3.2557818953470496,0.5,3.7557818953470496
23aada40ba9e4409a6609a7efe0343fc_Ömercan2,6,5,2.7671788450926265,0.5,3.2671788450926265
23aada40ba9e4409a6609a7efe0343fc_Ömercan2,7,5,2.980651558159731,1.0,3.980651558159731
23aada40ba9e4409a6609a7efe0343fc_Ömercan2,8,5,2.913443860142345,1.0,3.913443860142345
23aada40ba9e4409a6609a7efe0343fc_Ömercan2,9,5,3.895496938299361,1.0,4.895496938299361
23aada40ba9e4409a6609a7efe0343fc_Ömercan2,10,5,3.661315513265264,0.5,4.161315513265264
23aada40ba9e4409a6609a7efe0343fc_Ömercan2,11,5,3.412820003062503,0.5,3.912820003062503
23aada40ba9e4409a6609a7efe0343fc_Ömercan2,12,5,4.031449519101437,0.0,4.031449519101437
23aada40ba9e4409a6609a7efe0343fc_Ömercan2,13,5,2.6637931107174126,0.5,3.1637931107174126
23aada40ba9e4409a6609a7efe0343fc_Ömercan2,14,5,2.5295360031114327,0.5,3.0295360031114327
23aada40ba9e4409a6609a7efe0343fc_Ömercan2,15,5,2.8870272769061835,1.0,3.8870272769061835
23aada40ba9e4409a6609a7efe0343fc_Ömercan2,16,5,3.307767734132642,0.5,3.807767734132642
23aada40ba9e4409a6609a7efe0343fc_Ömercan2,17,5,5.278476421697779,0.5,5.778476421697779
23aada40ba9e4409a6609a7efe0343fc_Ömercan2,18,5,2.8887285602289827,0.5,3.3887285602289827
23aada40ba9e4409a6609a7efe0343fc_Ömercan2,19,5,2.499292043571623,1.0,3.499292043571623
23aada40ba9e4409a6609a7efe0343fc_Ömercan2,20,5,3.9512006432467577,1.0,4.951200643246757
23aada40ba9e4409a6609a7efe0343fc_Ömercan2,21,5,2.6534480908531313,1.0,3.6534480908531313
23aada40ba9e4409a6609a7efe0343fc_Ömercan2,22,5,2.61824074217592,0.5,3.11824074217592
23aada40ba9e4409a6609a7efe0343fc_Ömercan2,23,5,2.9926136901793563,1.0,3.9926136901793563
23aada40ba9e4409a6609a7efe0343fc_Ömercan2,24,5,4.116231462030019,0.0,4.116231462030019
23aada40ba9e4409a6609a7efe0343fc_Ömercan2,25,5,2.0920467184123743,1.0,3.0920467184123743
23aada40ba9e4409a6609a7efe0343fc_Ömercan2,26,5,3.5621828496272907,1.0,4.562182849627291
23aada40ba9e4409a6609a7efe0343fc_Ömercan2,27,5,3.65066329836336,1.0,4.6506632983633605
23aada40ba9e4409a6609a7efe0343fc_Ömercan2,28,5,4.0264027616026326,1.0,5.0264027616026326
23aada40ba9e4409a6609a7efe0343fc_Ömercan2,29,5,2.4330310951657568,1.0,3.4330310951657568
23aada40ba9e4409a6609a7efe0343fc_Ömercan2,30,5,3.375213744556871,0.5,3.875213744556871
23aada40ba9e4409a6609a7efe0343fc_Ömercan2,31,5,5.47537252466631,1.0,6.47537252466631
23aada40ba9e4409a6609a7efe0343fc_Ömercan2,32,5,2.84389396594474,1.0,3.84389396594474
23aada40ba9e4409a6609a7efe0343fc_Ömercan2,33,5,1.9469685018072538,0.5,2.4469685018072536
23aada40ba9e4409a6609a7efe0343fc_Ömercan2,34,5,2.5507902906143647,0.5,3.0507902906143647
23aada40ba9e4409a6609a7efe0343fc_Ömercan2,35,5,3.1781680470553284,1.0,4.178168047055328
23aada40ba9e4409a6609a7efe0343fc_Ömercan2,36,5,2.874169007802847,0.0,2.874169007802847
23aada40ba9e4409a6609a7efe0343fc_Ömercan2,37,5,3.1646962999587767,1.0,4.164696299958777
23aada40ba9e4409a6609a7efe0343fc_Ömercan2,38,5,2.0537739659494996,0.5,2.5537739659494996
23aada40ba9e4409a6609a7efe0343fc_Ömercan2,39,5,4.421644435109686,1.0,5.421644435109686
23aada40ba9e4409a6609a7efe0343fc_Ömercan2,40,5,3.90628952158288,1.0,4.90628952158288
23aada40ba9e4409a6609a7efe0343fc_Ömercan2,41,5,3.3068627056788786,1.0,4.306862705678879
23aada40ba9e4409a6609a7efe0343fc_Ömercan2,42,5,1.9246818280201077,0.5,2.4246818280201077
23aada40ba9e4409a6609a7efe0343fc_Ömercan2,43,5,2.2500180392308335,1.0,3.2500180392308335
23aada40ba9e4409a6609a7efe0343fc_Ömercan2,44,5,3.1881460023007806,0.5,3.6881460023007806
23aada40ba9e4409a6609a7efe0343fc_Ömercan2,45,5,3.1348920713039994,0.5,3.6348920713039994
23aada40ba9e4409a6609a7efe0343fc_Ömercan2,46,5,3.6361140152561786,1.0,4.636114015256179
23aada40ba9e4409a6609a7efe0343fc_Ömercan2,47,5,3.793178319375214,0.0,3.793178319375214
23aada40ba9e4409a6609a7efe0343fc_Ömercan2,48,5,2.5171415316127272,0.5,3.0171415316127272
23aada40ba9e4409a6609a7efe0343fc_Ömercan2,49,5,3.3998824132739323,0.5,3.8998824132739323
23aada40ba9e4409a6609a7efe0343fc_Ömercan2,50,5,4.166952157616069,0.5,4.666952157616069
23aada40ba9e4409a6609a7efe0343fc_Ömercan2,51,5,5.864951360135404,1.0,6.864951360135404
3858c2d4d5724edfa97cf05d60e2cebd_Inaaya Nichols,2,5,2.938668694540505,1.0,3.938668694540505
3858c2d4d5724edfa97cf05d60e2cebd_Inaaya Nichols,3,5,3.2557818953470496,0.5,3.7557818953470496
3858c2d4d5724edfa97cf05d60e2cebd_Inaaya Nichols,4,5,3.283854106054055,1.0,4.283854106054055
3858c2d4d5724edfa97cf05d60e2cebd_Inaaya Nichols,5,5,2.874169007802847,0.0,2.874169007802847
3858c2d4d5724edfa97cf05d60e2cebd_Inaaya Nichols,6,5,3.7728967989132256,0.5,4.272896798913226
3858c2d4d5724edfa97cf05d60e2cebd_Inaaya Nichols,7,5,4.16431812501201,0.5,4.66431812501201
3858c2d4d5724edfa97cf05d60e2cebd_Inaaya Nichols,8,5,4.152528990910878,1.0,5.152528990910878
3858c2d4d5724edfa97cf05d60e2cebd_Inaaya Nichols,9,5,2.499292043571623,1.0,3.499292043571623
3858c2d4d5724edfa97cf05d60e2cebd_Inaaya Nichols,10,5,3.0147609847232655,0.5,3.5147609847232655
3858c2d4d5724edfa97cf05d60e2cebd_Inaaya Nichols,11,5,3.375213744556871,0.5,3.875213744556871
3858c2d4d5724edfa97cf05d60e2cebd_Inaaya Nichols,12,5,2.61824074217592,0.5,3.11824074217592
3858c2d4d5724edfa97cf05d60e2cebd_Inaaya Nichols,13,5,1.9469685018072538,0.5,2.4469685018072536
3858c2d4d5724edfa97cf05d60e2cebd_Inaaya Nichols,14,5,4.421644435109686,1.0,5.421644435109686
3858c2d4d5724edfa97cf05d60e2cebd_Inaaya Nichols,15,5,4.098079481912619,0.0,4.098079481912619
3858c2d4d5724edfa97cf05d60e2cebd_Inaaya Nichols,16,5,2.913443860142345,1.0,3.913443860142345
3858c2d4d5724edfa97cf05d60e2cebd_Inaaya Nichols,17,5,3.895496938299361,1.0,4.895496938299361
3858c2d4d5724edfa97cf05d60e2cebd_Inaaya Nichols,18,5,2.2500180392308335,1.0,3.2500180392308335
3858c2d4d5724edfa97cf05d60e2cebd_Inaaya Nichols,19,5,2.5295360031114327,0.5,3.0295360031114327
3858c2d4d5724edfa97cf05d60e2cebd_Inaaya Nichols,20,5,2.622448914131229,0.5,3.122448914131229
3858c2d4d5724edfa97cf05d60e2cebd_Inaaya Nichols,21,5,2.6637931107174126,0.5,3.1637931107174126
3858c2d4d5724edfa97cf05d60e2cebd_Inaaya Nichols,22,5,3.746088324736396,1.0,4.746088324736396
3858c2d4d5724edfa97cf05d60e2cebd_Inaaya Nichols,23,5,2.2281443446114424,0.5,2.7281443446114424
3858c2d4d5724edfa97cf05d60e2cebd_Inaaya Nichols,24,5,1.9246818280201077,0.5,2.4246818280201077
3858c2d4d5724edfa97cf05d60e2cebd_Inaaya Nichols,25,5,3.610025369415904,1.0,4.610025369415904
3858c2d4d5724edfa97cf05d60e2cebd_Inaaya Nichols,26,5,2.2281443446114424,0.5,2.7281443446114424
3858c2d4d5724edfa97cf05d60e2cebd_Inaaya Nichols,27,5,2.6471778998048006,1.0,3.6471778998048006
3858c2d4d5724edfa97cf05d60e2cebd_Inaaya Nichols,28,5,3.613353409938078,1.0,4.613353409938078
3858c2d4d5724edfa97cf05d60e2cebd_Inaaya Nichols,29,5,3.6023548330561597,0.5,4.102354833056159
3858c2d4d5724edfa97cf05d60e2cebd_Inaaya Nichols,30,5,4.031449519101437,0.0,4.031449519101437
3858c2d4d5724edfa97cf05d60e2cebd_Inaaya Nichols,31,5,3.1348920713039994,0.5,3.6348920713039994
3858c2d4d5724edfa97cf05d60e2cebd_Inaaya Nichols,32,5,2.2884227241161637,0.5,2.7884227241161637
3858c2d4d5724edfa97cf05d60e2cebd_Inaaya Nichols,33,5,2.4032183652910746,0.5,2.9032183652910746
3858c2d4d5724edfa97cf05d60e2cebd_Inaaya Nichols,34,5,2.2873817822353715,0.5,2.7873817822353715
3858c2d4d5724edfa97cf05d60e2cebd_Inaaya Nichols,35,5,4.108618487062348,0.5,4.608618487062348
3858c2d4d5724edfa97cf05d60e2cebd_Inaaya Nichols,36,5,2.8887285602289827,0.5,3.3887285602289827
3858c2d4d5724edfa97cf05d60e2cebd_Inaaya Nichols,37,5,5.278476421697779,0.5,5.778476421697779
3858c2d4d5724edfa97cf05d60e2cebd_Inaaya Nichols,38,5,2.8359165314952706,0.5,3.3359165314952706
3858c2d4d5724edfa97cf05d60e2cebd_Inaaya Nichols,39,5,2.4939034403771503,1.0,3.4939034403771503
3858c2d4d5724edfa97cf05d60e2cebd_Inaaya Nichols,40,5,4.144388952636447,0.5,4.644388952636447
3858c2d4d5724edfa97cf05d60e2cebd_Inaaya Nichols,41,5,3.508476514595438,1.0,4.508476514595438
3858c2d4d5724edfa97cf05d60e2cebd_Inaaya Nichols,42,5,4.0264027616026326,1.0,5.0264027616026326
3858c2d4d5724edfa97cf05d60e2cebd_Inaaya Nichols,43,5,2.789210569337411,1.0,3.789210569337411
3858c2d4d5724edfa97cf05d60e2cebd_Inaaya Nichols,44,5,2.372057998501993,0.5,2.872057998501993
3858c2d4d5724edfa97cf05d60e2cebd_Inaaya Nichols,45,5,4.252246590413099,0.5,4.752246590413099
3858c2d4d5724edfa97cf05d60e2cebd_Inaaya Nichols,46,5,3.2977789060413865,1.0,4.297778906041387
3858c2d4d5724edfa97cf05d60e2cebd_Inaaya Nichols,47,5,5.47537252466631,1.0,6.47537252466631
3858c2d4d5724edfa97cf05d60e2cebd_Inaaya Nichols,48,5,2.9964306515323984,0.0,2.9964306515323984
3858c2d4d5724edfa97cf05d60e2cebd_Inaaya Nichols,49,5,2.2515763718081585,0.5,2.7515763718081585
3858c2d4d5724edfa97cf05d60e2cebd_Inaaya Nichols,50,5,3.6155523952792925,1.0,4.615552395279293
3858c2d4d5724edfa97cf05d60e2cebd_Inaaya Nichols,51,5,2.695056736124308,1.0,3.695056736124308
5c35a45c321e4c95a30cb615f8c8fb19_Yanyi02,2,5,2.2500180392308335,1.0,3.2500180392308335
5c35a45c321e4c95a30cb615f8c8fb19_Yanyi02,3,5,3.2557818953470496,0.5,3.7557818953470496
5c35a45c321e4c95a30cb615f8c8fb19_Yanyi02,4,5,4.031449519101437,0.0,4.031449519101437
5c35a45c321e4c95a30cb615f8c8fb19_Yanyi02,5,5,3.283854106054055,1.0,4.283854106054055
5c35a45c321e4c95a30cb615f8c8fb19_Yanyi02,6,5,4.178381548708933,1.0,5.178381548708933
5c35a45c321e4c95a30cb615f8c8fb19_Yanyi02,7,5,3.7728967989132256,0.5,4.272896798913226
5c35a45c321e4c95a30cb615f8c8fb19_Yanyi02,8,5,2.0920467184123743,1.0,3.0920467184123743
5c35a45c321e4c95a30cb615f8c8fb19_Yanyi02,9,5,2.8359165314952706,0.5,3.3359165314952706
5c35a45c321e4c95a30cb615f8c8fb19_Yanyi02,10,5,4.166952157616069,0.5,4.666952157616069
5c35a45c321e4c95a30cb615f8c8fb19_Yanyi02,11,5,2.913443860142345,1.0,3.913443860142345
5c35a45c321e4c95a30cb615f8c8fb19_Yanyi02,12,5,2.61824074217592,0.5,3.11824074217592
5c35a45c321e4c95a30cb615f8c8fb19_Yanyi02,13,5,2.9610021337346395,1.0,3.9610021337346395
5c35a45c321e4c95a30cb615f8c8fb19_Yanyi02,14,5,2.499292043571623,1.0,3.499292043571623
5c35a45c321e4c95a30cb615f8c8fb19_Yanyi02,15,5,3.6023548330561597,0.5,4.102354833056159
5c35a45c321e4c95a30cb615f8c8fb19_Yanyi02,16,5,2.8887285602289827,0.5,3.3887285602289827
5c35a45c321e4c95a30cb615f8c8fb19_Yanyi02,17,5,2.829020080081157,1.0,3.829020080081157
5c35a45c321e4c95a30cb615f8c8fb19_Yanyi02,18,5,3.793178319375214,0.0,3.793178319375214
5c35a45c321e4c95a30cb615f8c8fb19_Yanyi02,19,5,4.421644435109686,1.0,5.421644435109686
5c35a45c321e4c95a30cb615f8c8fb19_Yanyi02,20,5,2.980651558159731,1.0,3.980651558159731
5c35a45c321e4c95a30cb615f8c8fb19_Yanyi02,21,5,4.16431812501201,0.5,4.66431812501201
5c35a45c321e4c95a30cb615f8c8fb19_Yanyi02,22,5,1.9246818280201077,0.5,2.4246818280201077
5c35a45c321e4c95a30cb615f8c8fb19_Yanyi02,23,5,1.9469685018072538,0.5,2.4469685018072536
5c35a45c321e4c95a30cb615f8c8fb19_Yanyi02,24,5,3.5422695848182015,1.0,4.542269584818202
5c35a45c321e4c95a30cb615f8c8fb19_Yanyi02,25,5,3.1348920713039994,0.5,3.6348920713039994
5c35a45c321e4c95a30cb615f8c8fb19_Yanyi02,26,5,5.47537252466631,1.0,6.47537252466631
5c35a45c321e4c95a30cb615f8c8fb19_Yanyi02,27,5,3.230910912338502,0.5,3.730910912338502
5c35a45c321e4c95a30cb615f8c8fb19_Yanyi02,28,5,2.812685451678331,0.5,3.312685451678331
5c35a45c321e4c95a30cb615f8c8fb19_Yanyi02,29,5,3.412820003062503,0.5,3.912820003062503
5c35a45c321e4c95a30cb615f8c8fb19_Yanyi02,30,5,2.0537739659494996,0.5,2.5537739659494996
5c35a45c321e4c95a30cb615f8c8fb19_Yanyi02,31,5,5.1390937370715095,1.0,6.1390937370715095
5c35a45c321e4c95a30cb615f8c8fb19_Yanyi02,32,5,2.4069815011921905,0.5,2.9069815011921905
5c35a45c321e4c95a30cb615f8c8fb19_Yanyi02,33,5,2.3872800806106724,1.0,3.3872800806106724
5c35a45c321e4c95a30cb615f8c8fb19_Yanyi02,34,5,3.682303637937118,1.0,4.6823036379371175
5c35a45c321e4c95a30cb615f8c8fb19_Yanyi02,35,5,2.5295360031114327,0.5,3.0295360031114327
5c35a45c321e4c95a30cb615f8c8fb19_Yanyi02,36,5,3.375213744556871,0.5,3.875213744556871
5c35a45c321e4c95a30cb615f8c8fb19_Yanyi02,37,5,2.4939034403771503,1.0,3.4939034403771503
5c35a45c321e4c95a30cb615f8c8fb19_Yanyi02,38,5,4.108618487062348,0.5,4.608618487062348
5c35a45c321e4c95a30cb615f8c8fb19_Yanyi02,39,5,3.106509500034599,1.0,4.1065095000345995
5c35a45c321e4c95a30cb615f8c8fb19_Yanyi02,40,5,4.116231462030019,0.0,4.116231462030019
5c35a45c321e4c95a30cb615f8c8fb19_Yanyi02,41,5,3.7673219078722493,0.5,4.267321907872249
5c35a45c321e4c95a30cb615f8c8fb19_Yanyi02,42,5,2.1931611998074816,1.0,3.1931611998074816
5c35a45c321e4c95a30cb615f8c8fb19_Yanyi02,43,5,2.8870272769061835,1.0,3.8870272769061835
5c35a45c321e4c95a30cb615f8c8fb19_Yanyi02,44,5,3.1646962999587767,1.0,4.164696299958777
5c35a45c321e4c95a30cb615f8c8fb19_Yanyi02,45,5,3.211961302582907,0.5,3.711961302582907
5c35a45c321e4c95a30cb615f8c8fb19_Yanyi02,46,5,3.4890151458237075,0.0,3.4890151458237075
5c35a45c321e4c95a30cb615f8c8fb19_Yanyi02,47,5,3.996450410655915,0.5,4.496450410655915
5c35a45c321e4c95a30cb615f8c8fb19_Yanyi02,48,5,2.3314558919613626,0.5,2.8314558919613626
5c35a45c321e4c95a30cb615f8c8fb19_Yanyi02,49,5,3.3125379975653986,1.0,4.312537997565398
5c35a45c321e4c95a30cb615f8c8fb19_Yanyi02,50,5,2.6637931107174126,0.5,3.1637931107174126
5c35a45c321e4c95a30cb615f8c8fb19_Yanyi02,51,5,2.587029684062934,1.0,3.587029684062934
70a72c265ec6415aa0430a59d7dcec56_Markov Chain,2,5,3.283854106054055,1.0,4.283854106054055
70a72c265ec6415aa0430a59d7dcec56_Markov Chain,3,5,4.178381548708933,1.0,5.178381548708933
70a72c265ec6415aa0430a59d7dcec56_Markov Chain,4,5,3.2557818953470496,0.5,3.7557818953470496
70a72c265ec6415aa0430a59d7dcec56_Markov Chain,5,5,4.116231462030019,0.0,4.116231462030019
70a72c265ec6415aa0430a59d7dcec56_Markov Chain,6,5,3.7728967989132256,0.5,4.272896798913226
70a72c265ec6415aa0430a59d7dcec56_Markov Chain,7,5,2.499292043571623,1.0,3.499292043571623
70a72c265ec6415aa0430a59d7dcec56_Markov Chain,8,5,2.948770388700036,1.0,3.948770388700036
70a72c265ec6415aa0430a59d7dcec56_Markov Chain,9,5,3.895496938299361,1.0,4.895496938299361
70a72c265ec6415aa0430a59d7dcec56_Markov Chain,10,5,3.65066329836336,1.0,4.6506632983633605
70a72c265ec6415aa0430a59d7dcec56_Markov Chain,11,5,2.8887285602289827,0.5,3.3887285602289827
70a72c265ec6415aa0430a59d7dcec56_Markov Chain,12,5,3.412820003062503,0.5,3.912820003062503
70a72c265ec6415aa0430a59d7dcec56_Markov Chain,13,5,2.980651558159731,1.0,3.980651558159731
70a72c265ec6415aa0430a59d7dcec56_Markov Chain,14,5,5.278476421697779,0.5,5.778476421697779
70a72c265ec6415aa0430a59d7dcec56_Markov Chain,15,5,3.307767734132642,0.5,3.807767734132642
70a72c265ec6415aa0430a59d7dcec56_Markov Chain,16,5,2.6534480908531313,1.0,3.6534480908531313
70a72c265ec6415aa0430a59d7dcec56_Markov Chain,17,5,4.031449519101437,0.0,4.031449519101437
70a72c265ec6415aa0430a59d7dcec56_Markov Chain,18,5,2.6637931107174126,0.5,3.1637931107174126
70a72c265ec6415aa0430a59d7dcec56_Markov Chain,19,5,1.9181693413707896,1.0,2.9181693413707896
70a72c265ec6415aa0430a59d7dcec56_Markov Chain,20,5,2.817199763701393,1.0,3.817199763701393
70a72c265ec6415aa0430a59d7dcec56_Markov Chain,21,5,2.5295360031114327,0.5,3.0295360031114327
70a72c265ec6415aa0430a59d7dcec56_Markov Chain,22,5,2.8870272769061835,1.0,3.8870272769061835
70a72c265ec6415aa0430a59d7dcec56_Markov Chain,23,5,3.1646962999587767,1.0,4.164696299958777
70a72c265ec6415aa0430a59d7dcec56_Markov Chain,24,5,2.7671788450926265,0.5,3.2671788450926265
70a72c265ec6415aa0430a59d7dcec56_Markov Chain,25,5,4.133370508949444,0.5,4.633370508949444
70a72c265ec6415aa0430a59d7dcec56_Markov Chain,26,5,2.9926136901793563,1.0,3.9926136901793563
70a72c265ec6415aa0430a59d7dcec56_Markov Chain,27,5,4.252246590413099,0.5,4.752246590413099
70a72c265ec6415aa0430a59d7dcec56_Markov Chain,28,5,3.211872893120061,1.0,4.211872893120061
70a72c265ec6415aa0430a59d7dcec56_Markov Chain,29,5,3.603797812314665,1.0,4.6037978123146654
70a72c265ec6415aa0430a59d7dcec56_Markov Chain,30,5,2.874169007802847,0.0,2.874169007802847
70a72c265ec6415aa0430a59d7dcec56_Markov Chain,31,5,4.421644435109686,1.0,5.421644435109686
70a72c265ec6415aa0430a59d7dcec56_Markov Chain,32,5,2.2500180392308335,1.0,3.2500180392308335
70a72c265ec6415aa0430a59d7dcec56_Markov Chain,33,5,4.0264027616026326,1.0,5.0264027616026326
70a72c265ec6415aa0430a59d7dcec56_Markov Chain,34,5,2.4330310951657568,1.0,3.4330310951657568
70a72c265ec6415aa0430a59d7dcec56_Markov Chain,35,5,3.375213744556871,0.5,3.875213744556871
70a72c265ec6415aa0430a59d7dcec56_Markov Chain,36,5,2.0920467184123743,1.0,3.0920467184123743
70a72c265ec6415aa0430a59d7dcec56_Markov Chain,37,5,2.3854392726596516,0.5,2.8854392726596516
70a72c265ec6415aa0430a59d7dcec56_Markov Chain,38,5,2.6135828316768617,1.0,3.6135828316768617
70a72c265ec6415aa0430a59d7dcec56_Markov Chain,39,5,2.6668292532594715,0.5,3.1668292532594715
70a72c265ec6415aa0430a59d7dcec56_Markov Chain,40,5,2.84389396594474,1.0,3.84389396594474
70a72c265ec6415aa0430a59d7dcec56_Markov Chain,41,5,2.8383261809928584,0.5,3.3383261809928584
70a72c265ec6415aa0430a59d7dcec56_Markov Chain,42,5,1.9246818280201077,0.5,2.4246818280201077
70a72c265ec6415aa0430a59d7dcec56_Markov Chain,43,5,2.0537739659494996,0.5,2.5537739659494996
70a72c265ec6415aa0430a59d7dcec56_Markov Chain,44,5,3.793178319375214,0.0,3.793178319375214
70a72c265ec6415aa0430a59d7dcec56_Markov Chain,45,5,3.2406774831420195,1.0,4.2406774831420195
70a72c265ec6415aa0430a59d7dcec56_Markov Chain,46,5,2.5507902906143647,0.5,3.0507902906143647
70a72c265ec6415aa0430a59d7dcec56_Markov Chain,47,5,2.5171415316127272,0.5,3.0171415316127272
70a72c265ec6415aa0430a59d7dcec56_Markov Chain,48,5,2.2873817822353715,0.5,2.7873817822353715
70a72c265ec6415aa0430a59d7dcec56_Markov Chain,49,5,2.4939034403771503,1.0,3.4939034403771503
70a72c265ec6415aa0430a59d7dcec56_Markov Chain,50,5,3.3498967533829127,1.0,4.349896753382913
8d4146e925a94addbb772164e8e49481_Jac Mcclure,2,5,3.243242272885977,1.0,4.243242272885977
8d4146e925a94addbb772164e8e49481_Jac Mcclure,3,5,2.8541101385147183,0.5,3.3541101385147183
8d4146e925a94addbb772164e8e49481_Jac Mcclure,4,5,4.166952157616069,0.5,4.666952157616069
8d4146e925a94addbb772164e8e49481_Jac Mcclure,5,5,4.152528990910878,1.0,5.152528990910878
8d4146e925a94addbb772164e8e49481_Jac Mcclure,6,5,3.2557818953470496,0.5,3.7557818953470496
8d4146e925a94addbb772164e8e49481_Jac Mcclure,7,5,2.499292043571623,1.0,3.499292043571623
8d4146e925a94addbb772164e8e49481_Jac Mcclure,8,5,3.895496938299361,1.0,4.895496938299361
8d4146e925a94addbb772164e8e49481_Jac Mcclure,9,5,4.098079481912619,0.0,4.098079481912619
8d4146e925a94addbb772164e8e49481_Jac Mcclure,10,5,3.740925541563872,0.5,4.240925541563872
8d4146e925a94addbb772164e8e49481_Jac Mcclure,11,5,2.913443860142345,1.0,3.913443860142345
8d4146e925a94addbb772164e8e49481_Jac Mcclure,12,5,3.793178319375214,0.0,3.793178319375214
8d4146e925a94addbb772164e8e49481_Jac Mcclure,13,5,2.938668694540505,1.0,3.938668694540505
8d4146e925a94addbb772164e8e49481_Jac Mcclure,14,5,1.7444867772230834,0.5,2.2444867772230834
8d4146e925a94addbb772164e8e49481_Jac Mcclure,15,5,3.375213744556871,0.5,3.875213744556871
8d4146e925a94addbb772164e8e49481_Jac Mcclure,16,5,1.89740928697063,0.5,2.39740928697063
8d4146e925a94addbb772164e8e49481_Jac Mcclure,17,5,2.5295360031114327,0.5,3.0295360031114327
8d4146e925a94addbb772164e8e49481_Jac Mcclure,18,5,2.9248824651180874,0.5,3.4248824651180874
8d4146e925a94addbb772164e8e49481_Jac Mcclure,19,5,3.57184977949045,1.0,4.571849779490449
8d4146e925a94addbb772164e8e49481_Jac Mcclure,20,5,4.213844384701643,1.0,5.213844384701643
8d4146e925a94addbb772164e8e49481_Jac Mcclure,21,5,2.592182374811205,0.5,3.092182374811205
8d4146e925a94addbb772164e8e49481_Jac Mcclure,22,5,4.133370508949444,0.5,4.633370508949444
8d4146e925a94addbb772164e8e49481_Jac Mcclure,23,5,2.2281443446114424,0.5,2.7281443446114424
8d4146e925a94addbb772164e8e49481_Jac Mcclure,24,5,2.3754532736373455,0.5,2.8754532736373455
8d4146e925a94addbb772164e8e49481_Jac Mcclure,25,5,2.4069815011921905,0.5,2.9069815011921905
8d4146e925a94addbb772164e8e49481_Jac Mcclure,26,5,5.864951360135404,1.0,6.864951360135404
8d4146e925a94addbb772164e8e49481_Jac Mcclure,27,5,2.7476519225713774,0.5,3.2476519225713774
8d4146e925a94addbb772164e8e49481_Jac Mcclure,28,5,5.278476421697779,0.5,5.778476421697779
8d4146e925a94addbb772164e8e49481_Jac Mcclure,29,5,3.8577072626916236,1.0,4.857707262691624
8d4146e925a94addbb772164e8e49481_Jac Mcclure,30,5,3.5422695848182015,1.0,4.542269584818202
8d4146e925a94addbb772164e8e49481_Jac Mcclure,31,5,2.2500180392308335,1.0,3.2500180392308335
8d4146e925a94addbb772164e8e49481_Jac Mcclure,32,5,3.6023548330561597,0.5,4.102354833056159
8d4146e925a94addbb772164e8e49481_Jac Mcclure,33,5,3.4890151458237075,0.0,3.4890151458237075
8d4146e925a94addbb772164e8e49481_Jac Mcclure,34,5,3.678693530853027,1.0,4.678693530853026
8d4146e925a94addbb772164e8e49481_Jac Mcclure,35,5,3.3957347193711396,0.5,3.8957347193711396
8d4146e925a94addbb772164e8e49481_Jac Mcclure,36,5,3.3125379975653986,1.0,4.312537997565398
8d4146e925a94addbb772164e8e49481_Jac Mcclure,37,5,2.0480280257935237,1.0,3.0480280257935237
8d4146e925a94addbb772164e8e49481_Jac Mcclure,38,5,3.9128444909169815,0.5,4.4128444909169815
8d4146e925a94addbb772164e8e49481_Jac Mcclure,39,5,2.8359165314952706,0.5,3.3359165314952706
8d4146e925a94addbb772164e8e49481_Jac Mcclure,40,5,2.1531370225602564,1.0,3.1531370225602564
8d4146e925a94addbb772164e8e49481_Jac Mcclure,41,5,2.9589169190915166,1.0,3.9589169190915166
8d4146e925a94addbb772164e8e49481_Jac Mcclure,42,5,3.7094161109666395,1.0,4.7094161109666395
8d4146e925a94addbb772164e8e49481_Jac Mcclure,43,5,5.47537252466631,1.0,6.47537252466631
8d4146e925a94addbb772164e8e49481_Jac Mcclure,44,5,2.831545405677599,1.0,3.831545405677599
8d4146e925a94addbb772164e8e49481_Jac Mcclure,45,5,1.9246818280201077,0.5,2.4246818280201077
8d4146e925a94addbb772164e8e49481_Jac Mcclure,46,5,3.3835679927250517,0.5,3.8835679927250517
8d4146e925a94addbb772164e8e49481_Jac Mcclure,47,5,4.252246590413099,0.5,4.752246590413099
8d4146e925a94addbb772164e8e49481_Jac Mcclure,48,5,2.0537739659494996,0.5,2.5537739659494996
8d4146e925a94addbb772164e8e49481_Jac Mcclure,49,5,2.737421992532849,1.0,3.737421992532849
8d4146e925a94addbb772164e8e49481_Jac Mcclure,50,5,3.0419102913010727,0.5,3.5419102913010727
a28417277cc842ca99ef1174ae2d5ee1_Ömercan4,2,5,3.283854106054055,1.0,4.283854106054055
a28417277cc842ca99ef1174ae2d5ee1_Ömercan4,3,5,3.2557818953470496,0.5,3.7557818953470496
a28417277cc842ca99ef1174ae2d5ee1_Ömercan4,4,5,3.7728967989132256,0.5,4.272896798913226
a28417277cc842ca99ef1174ae2d5ee1_Ömercan4,5,5,4.178381548708933,1.0,5.178381548708933
a28417277cc842ca99ef1174ae2d5ee1_Ömercan4,6,5,2.499292043571623,1.0,3.499292043571623
a28417277cc842ca99ef1174ae2d5ee1_Ömercan4,7,5,2.874169007802847,0.0,2.874169007802847
a28417277cc842ca99ef1174ae2d5ee1_Ömercan4,8,5,2.913443860142345,1.0,3.913443860142345
a28417277cc842ca99ef1174ae2d5ee1_Ömercan4,9,5,3.895496938299361,1.0,4.895496938299361
a28417277cc842ca99ef1174ae2d5ee1_Ömercan4,10,5,3.65066329836336,1.0,4.6506632983633605
a28417277cc842ca99ef1174ae2d5ee1_Ömercan4,11,5,2.9926136901793563,1.0,3.9926136901793563
a28417277cc842ca99ef1174ae2d5ee1_Ömercan4,12,5,2.6637931107174126,0.5,3.1637931107174126
a28417277cc842ca99ef1174ae2d5ee1_Ömercan4,13,5,3.375213744556871,0.5,3.875213744556871
a28417277cc842ca99ef1174ae2d5ee1_Ömercan4,14,5,2.3854392726596516,0.5,2.8854392726596516
a28417277cc842ca99ef1174ae2d5ee1_Ömercan4,15,5,2.789210569337411,1.0,3.789210569337411
a28417277cc842ca99ef1174ae2d5ee1_Ömercan4,16,5,2.8870272769061835,1.0,3.8870272769061835
a28417277cc842ca99ef1174ae2d5ee1_Ömercan4,17,5,2.817199763701393,1.0,3.817199763701393
a28417277cc842ca99ef1174ae2d5ee1_Ömercan4,18,5,2.980651558159731,1.0,3.980651558159731
a28417277cc842ca99ef1174ae2d5ee1_Ömercan4,19,5,1.9246818280201077,0.5,2.4246818280201077
a28417277cc842ca99ef1174ae2d5ee1_Ömercan4,20,5,3.307767734132642,0.5,3.807767734132642
a28417277cc842ca99ef1174ae2d5ee1_Ömercan4,21,5,2.6534480908531313,1.0,3.6534480908531313
a28417277cc842ca99ef1174ae2d5ee1_Ömercan4,22,5,1.9181693413707896,1.0,2.9181693413707896
a28417277cc842ca99ef1174ae2d5ee1_Ömercan4,23,5,4.252246590413099,0.5,4.752246590413099
a28417277cc842ca99ef1174ae2d5ee1_Ömercan4,24,5,2.2500180392308335,1.0,3.2500180392308335
a28417277cc842ca99ef1174ae2d5ee1_Ömercan4,25,5,2.7671788450926265,0.5,3.2671788450926265
a28417277cc842ca99ef1174ae2d5ee1_Ömercan4,26,5,2.5295360031114327,0.5,3.0295360031114327
a28417277cc842ca99ef1174ae2d5ee1_Ömercan4,27,5,3.1348920713039994,0.5,3.6348920713039994
a28417277cc842ca99ef1174ae2d5ee1_Ömercan4,28,5,3.412820003062503,0.5,3.912820003062503
a28417277cc842ca99ef1174ae2d5ee1_Ömercan4,29,5,5.278476421697779,0.5,5.778476421697779
a28417277cc842ca99ef1174ae2d5ee1_Ömercan4,30,5,3.1646962999587767,1.0,4.164696299958777
a28417277cc842ca99ef1174ae2d5ee1_Ömercan4,31,5,4.031449519101437,0.0,4.031449519101437
a28417277cc842ca99ef1174ae2d5ee1_Ömercan4,32,5,3.3498967533829127,1.0,4.349896753382913
a28417277cc842ca99ef1174ae2d5ee1_Ömercan4,33,5,3.5621828496272907,1.0,4.562182849627291
a28417277cc842ca99ef1174ae2d5ee1_Ömercan4,34,5,2.2515763718081585,0.5,2.7515763718081585
a28417277cc842ca99ef1174ae2d5ee1_Ömercan4,35,5,2.8581981631659734,0.5,3.3581981631659734
a28417277cc842ca99ef1174ae2d5ee1_Ömercan4,36,5,4.0264027616026326,1.0,5.0264027616026326
a28417277cc842ca99ef1174ae2d5ee1_Ömercan4,37,5,4.116231462030019,0.0,4.116231462030019
a28417277cc842ca99ef1174ae2d5ee1_Ömercan4,38,5,5.47537252466631,1.0,6.47537252466631
a28417277cc842ca99ef1174ae2d5ee1_Ömercan4,39,5,3.1781680470553284,1.0,4.178168047055328
a28417277cc842ca99ef1174ae2d5ee1_Ömercan4,40,5,2.0537739659494996,0.5,2.5537739659494996
a28417277cc842ca99ef1174ae2d5ee1_Ömercan4,41,5,4.133370508949444,0.5,4.633370508949444
a28417277cc842ca99ef1174ae2d5ee1_Ömercan4,42,5,2.6135828316768617,1.0,3.6135828316768617
a28417277cc842ca99ef1174ae2d5ee1_Ömercan4,43,5,2.5171415316127272,0.5,3.0171415316127272
a28417277cc842ca99ef1174ae2d5ee1_Ömercan4,44,5,2.8383261809928584,0.5,3.3383261809928584
a28417277cc842ca99ef1174ae2d5ee1_Ömercan4,45,5,2.4330310951657568,1.0,3.4330310951657568
a28417277cc842ca99ef1174ae2d5ee1_Ömercan4,46,5,3.979802824156142,1.0,4.979802824156142
a28417277cc842ca99ef1174ae2d5ee1_Ömercan4,47,5,4.421644435109686,1.0,5.421644435109686
a28417277cc842ca99ef1174ae2d5ee1_Ömercan4,48,5,2.84389396594474,1.0,3.84389396594474
a28417277cc842ca99ef1174ae2d5ee1_Ömercan4,49,5,2.0920467184123743,1.0,3.0920467184123743
a28417277cc842ca99ef1174ae2d5ee1_Ömercan4,50,5,2.8359165314952706,0.5,3.3359165314952706
a28417277cc842ca99ef1174ae2d5ee1_Ömercan4,51,5,4.805487592814567,0.0,4.805487592814567
a619b5fcf6ce4e79a0b0683b03190272_Ferry,2,5,3.2557818953470496,0.5,3.7557818953470496
a619b5fcf6ce4e79a0b0683b03190272_Ferry,3,5,3.243242272885977,1.0,4.243242272885977
a619b5fcf6ce4e79a0b0683b03190272_Ferry,4,5,3.895496938299361,1.0,4.895496938299361
a619b5fcf6ce4e79a0b0683b03190272_Ferry,5,5,4.098079481912619,0.0,4.098079481912619
a619b5fcf6ce4e79a0b0683b03190272_Ferry,6,5,4.166952157616069,0.5,4.666952157616069
a619b5fcf6ce4e79a0b0683b03190272_Ferry,7,5,4.152528990910878,1.0,5.152528990910878
a619b5fcf6ce4e79a0b0683b03190272_Ferry,8,5,2.2500180392308335,1.0,3.2500180392308335
a619b5fcf6ce4e79a0b0683b03190272_Ferry,9,5,3.740925541563872,0.5,4.240925541563872
a619b5fcf6ce4e79a0b0683b03190272_Ferry,10,5,3.793178319375214,0.0,3.793178319375214
a619b5fcf6ce4e79a0b0683b03190272_Ferry,11,5,2.8541101385147183,0.5,3.3541101385147183
a619b5fcf6ce4e79a0b0683b03190272_Ferry,12,5,1.89740928697063,0.5,2.39740928697063
a619b5fcf6ce4e79a0b0683b03190272_Ferry,13,5,1.7444867772230834,0.5,2.2444867772230834
a619b5fcf6ce4e79a0b0683b03190272_Ferry,14,5,2.938668694540505,1.0,3.938668694540505
a619b5fcf6ce4e79a0b0683b03190272_Ferry,15,5,4.252246590413099,0.5,4.752246590413099
a619b5fcf6ce4e79a0b0683b03190272_Ferry,16,5,2.5295360031114327,0.5,3.0295360031114327
a619b5fcf6ce4e79a0b0683b03190272_Ferry,17,5,3.375213744556871,0.5,3.875213744556871
a619b5fcf6ce4e79a0b0683b03190272_Ferry,18,5,2.913443860142345,1.0,3.913443860142345
a619b5fcf6ce4e79a0b0683b03190272_Ferry,19,5,3.3835679927250517,0.5,3.8835679927250517
a619b5fcf6ce4e79a0b0683b03190272_Ferry,20,5,3.57184977949045,1.0,4.571849779490449
a619b5fcf6ce4e79a0b0683b03190272_Ferry,21,5,3.9128444909169815,0.5,4.4128444909169815
a619b5fcf6ce4e79a0b0683b03190272_Ferry,22,5,2.2281443446114424,0.5,2.7281443446114424
a619b5fcf6ce4e79a0b0683b03190272_Ferry,23,5,2.8359165314952706,0.5,3.3359165314952706
a619b5fcf6ce4e79a0b0683b03190272_Ferry,24,5,3.6023548330561597,0.5,4.102354833056159
a619b5fcf6ce4e79a0b0683b03190272_Ferry,25,5,2.1531370225602564,1.0,3.1531370225602564
a619b5fcf6ce4e79a0b0683b03190272_Ferry,26,5,2.6637931107174126,0.5,3.1637931107174126
a619b5fcf6ce4e79a0b0683b03190272_Ferry,27,5,3.5422695848182015,1.0,4.542269584818202
a619b5fcf6ce4e79a0b0683b03190272_Ferry,28,5,3.8577072626916236,1.0,4.857707262691624
a619b5fcf6ce4e79a0b0683b03190272_Ferry,29,5,1.9246818280201077,0.5,2.4246818280201077
a619b5fcf6ce4e79a0b0683b03190272_Ferry,30,5,2.61824074217592,0.5,3.11824074217592
a619b5fcf6ce4e79a0b0683b03190272_Ferry,31,5,4.133370508949444,0.5,4.633370508949444
a619b5fcf6ce4e79a0b0683b03190272_Ferry,32,5,2.499292043571623,1.0,3.499292043571623
a619b5fcf6ce4e79a0b0683b03190272_Ferry,33,5,4.213844384701643,1.0,5.213844384701643
a619b5fcf6ce4e79a0b0683b03190272_Ferry,34,5,3.3125379975653986,1.0,4.312537997565398
a619b5fcf6ce4e79a0b0683b03190272_Ferry,35,5,2.592182374811205,0.5,3.092182374811205
a619b5fcf6ce4e79a0b0683b03190272_Ferry,36,5,3.656846471284761,0.5,4.15684647128476
a619b5fcf6ce4e79a0b0683b03190272_Ferry,37,5,2.9589169190915166,1.0,3.9589169190915166
a619b5fcf6ce4e79a0b0683b03190272_Ferry,38,5,2.4069815011921905,0.5,2.9069815011921905
a619b5fcf6ce4e79a0b0683b03190272_Ferry,39,5,3.230910912338502,0.5,3.730910912338502
a619b5fcf6ce4e79a0b0683b03190272_Ferry,40,5,3.6844342357354645,0.5,4.1844342357354645
a619b5fcf6ce4e79a0b0683b03190272_Ferry,41,5,2.9089969133470444,1.0,3.9089969133470444
a619b5fcf6ce4e79a0b0683b03190272_Ferry,42,5,3.1348920713039994,0.5,3.6348920713039994
a619b5fcf6ce4e79a0b0683b03190272_Ferry,43,5,3.345418034062493,1.0,4.345418034062493
a619b5fcf6ce4e79a0b0683b03190272_Ferry,44,5,2.0480280257935237,1.0,3.0480280257935237
a619b5fcf6ce4e79a0b0683b03190272_Ferry,45,5,3.678693530853027,1.0,4.678693530853026
a619b5fcf6ce4e79a0b0683b03190272_Ferry,46,5,3.24705394281696,1.0,4.24705394281696
a619b5fcf6ce4e79a0b0683b03190272_Ferry,47,5,3.4890151458237075,0.0,3.4890151458237075
a619b5fcf6ce4e79a0b0683b03190272_Ferry,48,5,5.1390937370715095,1.0,6.1390937370715095
a619b5fcf6ce4e79a0b0683b03190272_Ferry,49,5,2.362261967743792,1.0,3.362261967743792
b2f4caedda6544af9f307cd6bc56a972_Daniel Reyes,2,5,3.2557818953470496,0.5,3.7557818953470496
b2f4caedda6544af9f307cd6bc56a972_Daniel Reyes,3,5,4.178381548708933,1.0,5.178381548708933
b2f4caedda6544af9f307cd6bc56a972_Daniel Reyes,4,5,4.031449519101437,0.0,4.031449519101437
b2f4caedda6544af9f307cd6bc56a972_Daniel Reyes,5,5,3.283854106054055,1.0,4.283854106054055
b2f4caedda6544af9f307cd6bc56a972_Daniel Reyes,6,5,3.7728967989132256,0.5,4.272896798913226
b2f4caedda6544af9f307cd6bc56a972_Daniel Reyes,7,5,2.499292043571623,1.0,3.499292043571623
b2f4caedda6544af9f307cd6bc56a972_Daniel Reyes,8,5,3.6023548330561597,0.5,4.102354833056159
b2f4caedda6544af9f307cd6bc56a972_Daniel Reyes,9,5,2.3754532736373455,0.5,2.8754532736373455
b2f4caedda6544af9f307cd6bc56a972_Daniel Reyes,10,5,2.7476519225713774,0.5,3.2476519225713774
b2f4caedda6544af9f307cd6bc56a972_Daniel Reyes,11,5,2.913443860142345,1.0,3.913443860142345
b2f4caedda6544af9f307cd6bc56a972_Daniel Reyes,12,5,3.412820003062503,0.5,3.912820003062503
b2f4caedda6544af9f307cd6bc56a972_Daniel Reyes,13,5,2.6637931107174126,0.5,3.1637931107174126
b2f4caedda6544af9f307cd6bc56a972_Daniel Reyes,14,5,2.6668292532594715,0.5,3.1668292532594715
b2f4caedda6544af9f307cd6bc56a972_Daniel Reyes,15,5,3.230910912338502,0.5,3.730910912338502
b2f4caedda6544af9f307cd6bc56a972_Daniel Reyes,16,5,4.116231462030019,0.0,4.116231462030019
b2f4caedda6544af9f307cd6bc56a972_Daniel Reyes,17,5,3.895496938299361,1.0,4.895496938299361
b2f4caedda6544af9f307cd6bc56a972_Daniel Reyes,18,5,2.6529405738126184,0.5,3.1529405738126184
b2f4caedda6544af9f307cd6bc56a972_Daniel Reyes,19,5,2.4939034403771503,1.0,3.4939034403771503
b2f4caedda6544af9f307cd6bc56a972_Daniel Reyes,20,5,4.133370508949444,0.5,4.633370508949444
b2f4caedda6544af9f307cd6bc56a972_Daniel Reyes,21,5,3.1348920713039994,0.5,3.6348920713039994
b2f4caedda6544af9f307cd6bc56a972_Daniel Reyes,22,5,3.375213744556871,0.5,3.875213744556871
b2f4caedda6544af9f307cd6bc56a972_Daniel Reyes,23,5,2.5295360031114327,0.5,3.0295360031114327
b2f4caedda6544af9f307cd6bc56a972_Daniel Reyes,24,5,2.829020080081157,1.0,3.829020080081157
b2f4caedda6544af9f307cd6bc56a972_Daniel Reyes,25,5,5.47537252466631,1.0,6.47537252466631
b2f4caedda6544af9f307cd6bc56a972_Daniel Reyes,26,5,4.252246590413099,0.5,4.752246590413099
b2f4caedda6544af9f307cd6bc56a972_Daniel Reyes,27,5,4.421644435109686,1.0,5.421644435109686
b2f4caedda6544af9f307cd6bc56a972_Daniel Reyes,28,5,2.8887285602289827,0.5,3.3887285602289827
b2f4caedda6544af9f307cd6bc56a972_Daniel Reyes,29,5,2.0537739659494996,0.5,2.5537739659494996
b2f4caedda6544af9f307cd6bc56a972_Daniel Reyes,30,5,2.0897591995597287,0.5,2.5897591995597287
b2f4caedda6544af9f307cd6bc56a972_Daniel Reyes,31,5,2.0920467184123743,1.0,3.0920467184123743
b2f4caedda6544af9f307cd6bc56a972_Daniel Reyes,32,5,1.9387141994047952,0.5,2.438714199404795
b2f4caedda6544af9f307cd6bc56a972_Daniel Reyes,33,5,2.2873817822353715,0.5,2.7873817822353715
b2f4caedda6544af9f307cd6bc56a972_Daniel Reyes,34,5,2.5246147540580357,0.5,3.0246147540580357
b2f4caedda6544af9f307cd6bc56a972_Daniel Reyes,35,5,3.678693530853027,1.0,4.678693530853026
b2f4caedda6544af9f307cd6bc56a972_Daniel Reyes,36,5,3.3125379975653986,1.0,4.312537997565398
b2f4caedda6544af9f307cd6bc56a972_Daniel Reyes,37,5,2.4428501709074903,0.5,2.9428501709074903
b2f4caedda6544af9f307cd6bc56a972_Daniel Reyes,38,5,2.8870272769061835,1.0,3.8870272769061835
b2f4caedda6544af9f307cd6bc56a972_Daniel Reyes,39,5,3.132952807457784,0.5,3.632952807457784
b2f4caedda6544af9f307cd6bc56a972_Daniel Reyes,40,5,1.9246818280201077,0.5,2.4246818280201077
b2f4caedda6544af9f307cd6bc56a972_Daniel Reyes,41,5,2.7990005976709713,0.5,3.2990005976709713
b2f4caedda6544af9f307cd6bc56a972_Daniel Reyes,42,5,3.996450410655915,0.5,4.496450410655915
b2f4caedda6544af9f307cd6bc56a972_Daniel Reyes,43,5,2.2500180392308335,1.0,3.2500180392308335
b2f4caedda6544af9f307cd6bc56a972_Daniel Reyes,44,5,4.08512134868464,0.5,4.58512134868464
b2f4caedda6544af9f307cd6bc56a972_Daniel Reyes,45,5,4.049952284108608,0.5,4.549952284108608
b2f4caedda6544af9f307cd6bc56a972_Daniel Reyes,46,5,3.480695479016626,0.0,3.480695479016626
b2f4caedda6544af9f307cd6bc56a972_Daniel Reyes,47,5,1.9545770589546272,0.5,2.4545770589546274
b2f4caedda6544af9f307cd6bc56a972_Daniel Reyes,48,5,2.1931611998074816,1.0,3.1931611998074816
b2f4caedda6544af9f307cd6bc56a972_Daniel Reyes,49,5,2.740632462598368,0.5,3.240632462598368
b2f4caedda6544af9f307cd6bc56a972_Daniel Reyes,50,5,3.106509500034599,1.0,4.1065095000345995
b5d8c8d2b7d5441b9f6c62562446ac0e_Ferry,2,5,3.2557818953470496,0.5,3.7557818953470496
b5d8c8d2b7d5441b9f6c62562446ac0e_Ferry,3,5,3.243242272885977,1.0,4.243242272885977
b5d8c8d2b7d5441b9f6c62562446ac0e_Ferry,4,5,3.895496938299361,1.0,4.895496938299361
b5d8c8d2b7d5441b9f6c62562446ac0e_Ferry,5,5,4.098079481912619,0.0,4.098079481912619
b5d8c8d2b7d5441b9f6c62562446ac0e_Ferry,6,5,2.938668694540505,1.0,3.938668694540505
b5d8c8d2b7d5441b9f6c62562446ac0e_Ferry,7,5,4.152528990910878,1.0,5.152528990910878
b5d8c8d2b7d5441b9f6c62562446ac0e_Ferry,8,5,4.166952157616069,0.5,4.666952157616069
b5d8c8d2b7d5441b9f6c62562446ac0e_Ferry,9,5,1.7444867772230834,0.5,2.2444867772230834
b5d8c8d2b7d5441b9f6c62562446ac0e_Ferry,10,5,3.793178319375214,0.0,3.793178319375214
b5d8c8d2b7d5441b9f6c62562446ac0e_Ferry,11,5,2.8541101385147183,0.5,3.3541101385147183
b5d8c8d2b7d5441b9f6c62562446ac0e_Ferry,12,5,3.740925541563872,0.5,4.240925541563872
b5d8c8d2b7d5441b9f6c62562446ac0e_Ferry,13,5,2.2500180392308335,1.0,3.2500180392308335
b5d8c8d2b7d5441b9f6c62562446ac0e_Ferry,14,5,3.3835679927250517,0.5,3.8835679927250517
b5d8c8d2b7d5441b9f6c62562446ac0e_Ferry,15,5,2.5295360031114327,0.5,3.0295360031114327
b5d8c8d2b7d5441b9f6c62562446ac0e_Ferry,16,5,3.3125379975653986,1.0,4.312537997565398
b5d8c8d2b7d5441b9f6c62562446ac0e_Ferry,17,5,3.375213744556871,0.5,3.875213744556871
b5d8c8d2b7d5441b9f6c62562446ac0e_Ferry,18,5,4.252246590413099,0.5,4.752246590413099
b5d8c8d2b7d5441b9f6c62562446ac0e_Ferry,19,5,2.499292043571623,1.0,3.499292043571623
b5d8c8d2b7d5441b9f6c62562446ac0e_Ferry,20,5,1.89740928697063,0.5,2.39740928697063
b5d8c8d2b7d5441b9f6c62562446ac0e_Ferry,21,5,2.2281443446114424,0.5,2.7281443446114424
b5d8c8d2b7d5441b9f6c62562446ac0e_Ferry,22,5,4.213844384701643,1.0,5.213844384701643
b5d8c8d2b7d5441b9f6c62562446ac0e_Ferry,23,5,2.9089969133470444,1.0,3.9089969133470444
b5d8c8d2b7d5441b9f6c62562446ac0e_Ferry,24,5,3.9128444909169815,0.5,4.4128444909169815
b5d8c8d2b7d5441b9f6c62562446ac0e_Ferry,25,5,2.61824074217592,0.5,3.11824074217592
b5d8c8d2b7d5441b9f6c62562446ac0e_Ferry,26,5,3.57184977949045,1.0,4.571849779490449
b5d8c8d2b7d5441b9f6c62562446ac0e_Ferry,27,5,1.8811037399370585,1.0,2.8811037399370587
b5d8c8d2b7d5441b9f6c62562446ac0e_Ferry,28,5,2.913443860142345,1.0,3.913443860142345
b5d8c8d2b7d5441b9f6c62562446ac0e_Ferry,29,5,2.8359165314952706,0.5,3.3359165314952706
b5d8c8d2b7d5441b9f6c62562446ac0e_Ferry,30,5,4.133370508949444,0.5,4.633370508949444
b5d8c8d2b7d5441b9f6c62562446ac0e_Ferry,31,5,2.4069815011921905,0.5,2.9069815011921905
b5d8c8d2b7d5441b9f6c62562446ac0e_Ferry,32,5,3.5422695848182015,1.0,4.542269584818202
b5d8c8d2b7d5441b9f6c62562446ac0e_Ferry,33,5,3.6023548330561597,0.5,4.102354833056159
b5d8c8d2b7d5441b9f6c62562446ac0e_Ferry,34,5,3.1348920713039994,0.5,3.6348920713039994
b5d8c8d2b7d5441b9f6c62562446ac0e_Ferry,35,5,2.592182374811205,0.5,3.092182374811205
b5d8c8d2b7d5441b9f6c62562446ac0e_Ferry,36,5,3.678693530853027,1.0,4.678693530853026
b5d8c8d2b7d5441b9f6c62562446ac0e_Ferry,37,5,2.6637931107174126,0.5,3.1637931107174126
b5d8c8d2b7d5441b9f6c62562446ac0e_Ferry,38,5,2.9589169190915166,1.0,3.9589169190915166
b5d8c8d2b7d5441b9f6c62562446ac0e_Ferry,39,5,3.230910912338502,0.5,3.730910912338502
b5d8c8d2b7d5441b9f6c62562446ac0e_Ferry,40,5,3.3957347193711396,0.5,3.8957347193711396
b5d8c8d2b7d5441b9f6c62562446ac0e_Ferry,41,5,3.4890151458237075,0.0,3.4890151458237075
b5d8c8d2b7d5441b9f6c62562446ac0e_Ferry,42,5,3.656846471284761,0.5,4.15684647128476
b5d8c8d2b7d5441b9f6c62562446ac0e_Ferry,43,5,5.47537252466631,1.0,6.47537252466631
b5d8c8d2b7d5441b9f6c62562446ac0e_Ferry,44,5,3.6844342357354645,0.5,4.1844342357354645
b5d8c8d2b7d5441b9f6c62562446ac0e_Ferry,45,5,3.0419102913010727,0.5,3.5419102913010727
b5d8c8d2b7d5441b9f6c62562446ac0e_Ferry,46,5,3.558467555625443,0.5,4.058467555625443
b5d8c8d2b7d5441b9f6c62562446ac0e_Ferry,47,5,1.9246818280201077,0.5,2.4246818280201077
b5d8c8d2b7d5441b9f6c62562446ac0e_Ferry,48,5,3.345418034062493,1.0,4.345418034062493
b5d8c8d2b7d5441b9f6c62562446ac0e_Ferry,49,5,2.228903380099142,1.0,3.228903380099142
b5d8c8d2b7d5441b9f6c62562446ac0e_Ferry,50,5,2.831545405677599,1.0,3.831545405677599
bb82cde329f84a46a9c5153e13dd1f8c_Yanyi1985,2,5,2.2500180392308335,1.0,3.2500180392308335
bb82cde329f84a46a9c5153e13dd1f8c_Yanyi1985,3,5,3.2557818953470496,0.5,3.7557818953470496
bb82cde329f84a46a9c5153e13dd1f8c_Yanyi1985,4,5,3.283854106054055,1.0,4.283854106054055
bb82cde329f84a46a9c5153e13dd1f8c_Yanyi1985,5,5,4.178381548708933,1.0,5.178381548708933
bb82cde329f84a46a9c5153e13dd1f8c_Yanyi1985,6,5,3.7728967989132256,0.5,4.272896798913226
bb82cde329f84a46a9c5153e13dd1f8c_Yanyi1985,7,5,4.031449519101437,0.0,4.031449519101437
bb82cde329f84a46a9c5153e13dd1f8c_Yanyi1985,8,5,2.0920467184123743,1.0,3.0920467184123743
bb82cde329f84a46a9c5153e13dd1f8c_Yanyi1985,9,5,2.913443860142345,1.0,3.913443860142345
bb82cde329f84a46a9c5153e13dd1f8c_Yanyi1985,10,5,4.166952157616069,0.5,4.666952157616069
bb82cde329f84a46a9c5153e13dd1f8c_Yanyi1985,11,5,2.61824074217592,0.5,3.11824074217592
bb82cde329f84a46a9c5153e13dd1f8c_Yanyi1985,12,5,2.8359165314952706,0.5,3.3359165314952706
bb82cde329f84a46a9c5153e13dd1f8c_Yanyi1985,13,5,3.1658184501992808,1.0,4.16581845019928
bb82cde329f84a46a9c5153e13dd1f8c_Yanyi1985,14,5,2.499292043571623,1.0,3.499292043571623
bb82cde329f84a46a9c5153e13dd1f8c_Yanyi1985,15,5,3.6023548330561597,0.5,4.102354833056159
bb82cde329f84a46a9c5153e13dd1f8c_Yanyi1985,16,5,2.9610021337346395,1.0,3.9610021337346395
bb82cde329f84a46a9c5153e13dd1f8c_Yanyi1985,17,5,4.16431812501201,0.5,4.66431812501201
bb82cde329f84a46a9c5153e13dd1f8c_Yanyi1985,18,5,2.8887285602289827,0.5,3.3887285602289827
bb82cde329f84a46a9c5153e13dd1f8c_Yanyi1985,19,5,4.421644435109686,1.0,5.421644435109686
bb82cde329f84a46a9c5153e13dd1f8c_Yanyi1985,20,5,3.230910912338502,0.5,3.730910912338502
bb82cde329f84a46a9c5153e13dd1f8c_Yanyi1985,21,5,3.412820003062503,0.5,3.912820003062503
bb82cde329f84a46a9c5153e13dd1f8c_Yanyi1985,22,5,3.793178319375214,0.0,3.793178319375214
bb82cde329f84a46a9c5153e13dd1f8c_Yanyi1985,23,5,2.4069815011921905,0.5,2.9069815011921905
bb82cde329f84a46a9c5153e13dd1f8c_Yanyi1985,24,5,3.375213744556871,0.5,3.875213744556871
bb82cde329f84a46a9c5153e13dd1f8c_Yanyi1985,25,5,5.1390937370715095,1.0,6.1390937370715095
bb82cde329f84a46a9c5153e13dd1f8c_Yanyi1985,26,5,2.3872800806106724,1.0,3.3872800806106724
bb82cde329f84a46a9c5153e13dd1f8c_Yanyi1985,27,5,2.829020080081157,1.0,3.829020080081157
bb82cde329f84a46a9c5153e13dd1f8c_Yanyi1985,28,5,2.4939034403771503,1.0,3.4939034403771503
bb82cde329f84a46a9c5153e13dd1f8c_Yanyi1985,29,5,3.5422695848182015,1.0,4.542269584818202
bb82cde329f84a46a9c5153e13dd1f8c_Yanyi1985,30,5,1.9246818280201077,0.5,2.4246818280201077
bb82cde329f84a46a9c5153e13dd1f8c_Yanyi1985,31,5,3.1348920713039994,0.5,3.6348920713039994
bb82cde329f84a46a9c5153e13dd1f8c_Yanyi1985,32,5,5.47537252466631,1.0,6.47537252466631
bb82cde329f84a46a9c5153e13dd1f8c_Yanyi1985,33,5,2.8870272769061835,1.0,3.8870272769061835
bb82cde329f84a46a9c5153e13dd1f8c_Yanyi1985,34,5,1.9469685018072538,0.5,2.4469685018072536
bb82cde329f84a46a9c5153e13dd1f8c_Yanyi1985,35,5,2.5295360031114327,0.5,3.0295360031114327
bb82cde329f84a46a9c5153e13dd1f8c_Yanyi1985,36,5,4.116231462030019,0.0,4.116231462030019
bb82cde329f84a46a9c5153e13dd1f8c_Yanyi1985,37,5,2.0537739659494996,0.5,2.5537739659494996
bb82cde329f84a46a9c5153e13dd1f8c_Yanyi1985,38,5,2.980651558159731,1.0,3.980651558159731
bb82cde329f84a46a9c5153e13dd1f8c_Yanyi1985,39,5,3.211872893120061,1.0,4.211872893120061
bb82cde329f84a46a9c5153e13dd1f8c_Yanyi1985,40,5,2.2989065888636584,0.5,2.7989065888636584
bb82cde329f84a46a9c5153e13dd1f8c_Yanyi1985,41,5,3.996450410655915,0.5,4.496450410655915
bb82cde329f84a46a9c5153e13dd1f8c_Yanyi1985,42,5,3.4890151458237075,0.0,3.4890151458237075
bb82cde329f84a46a9c5153e13dd1f8c_Yanyi1985,43,5,3.7673219078722493,0.5,4.267321907872249
bb82cde329f84a46a9c5153e13dd1f8c_Yanyi1985,44,5,2.6637931107174126,0.5,3.1637931107174126
bb82cde329f84a46a9c5153e13dd1f8c_Yanyi1985,45,5,3.678693530853027,1.0,4.678693530853026
bb82cde329f84a46a9c5153e13dd1f8c_Yanyi1985,46,5,2.1931611998074816,1.0,3.1931611998074816
bb82cde329f84a46a9c5153e13dd1f8c_Yanyi1985,47,5,2.3314558919613626,0.5,2.8314558919613626
bb82cde329f84a46a9c5153e13dd1f8c_Yanyi1985,48,5,2.812685451678331,0.5,3.312685451678331
bb82cde329f84a46a9c5153e13dd1f8c_Yanyi1985,49,5,2.0537739659494996,0.5,2.5537739659494996
bb82cde329f84a46a9c5153e13dd1f8c_Yanyi1985,50,5,3.1646962999587767,1.0,4.164696299958777
bb82cde329f84a46a9c5153e13dd1f8c_Yanyi1985,51,5,3.211961302582907,0.5,3.711961302582907
ccf719b7907c4ba8a4226de33c586451_Husna Hampton,2,5,4.098079481912619,0.0,4.098079481912619
ccf719b7907c4ba8a4226de33c586451_Husna Hampton,3,5,3.243242272885977,1.0,4.243242272885977
ccf719b7907c4ba8a4226de33c586451_Husna Hampton,4,5,3.2557818953470496,0.5,3.7557818953470496
ccf719b7907c4ba8a4226de33c586451_Husna Hampton,5,5,3.895496938299361,1.0,4.895496938299361
ccf719b7907c4ba8a4226de33c586451_Husna Hampton,6,5,4.152528990910878,1.0,5.152528990910878
ccf719b7907c4ba8a4226de33c586451_Husna Hampton,7,5,4.166952157616069,0.5,4.666952157616069
ccf719b7907c4ba8a4226de33c586451_Husna Hampton,8,5,2.8541101385147183,0.5,3.3541101385147183
ccf719b7907c4ba8a4226de33c586451_Husna Hampton,9,5,3.760278147649524,0.0,3.760278147649524
ccf719b7907c4ba8a4226de33c586451_Husna Hampton,10,5,2.938668694540505,1.0,3.938668694540505
ccf719b7907c4ba8a4226de33c586451_Husna Hampton,11,5,3.3835679927250517,0.5,3.8835679927250517
ccf719b7907c4ba8a4226de33c586451_Husna Hampton,12,5,2.5295360031114327,0.5,3.0295360031114327
ccf719b7907c4ba8a4226de33c586451_Husna Hampton,13,5,4.252246590413099,0.5,4.752246590413099
ccf719b7907c4ba8a4226de33c586451_Husna Hampton,14,5,1.9246818280201077,0.5,2.4246818280201077
ccf719b7907c4ba8a4226de33c586451_Husna Hampton,15,5,3.5422695848182015,1.0,4.542269584818202
ccf719b7907c4ba8a4226de33c586451_Husna Hampton,16,5,2.499292043571623,1.0,3.499292043571623
ccf719b7907c4ba8a4226de33c586451_Husna Hampton,17,5,1.89740928697063,0.5,2.39740928697063
ccf719b7907c4ba8a4226de33c586451_Husna Hampton,18,5,2.61824074217592,0.5,3.11824074217592
ccf719b7907c4ba8a4226de33c586451_Husna Hampton,19,5,3.3125379975653986,1.0,4.312537997565398
ccf719b7907c4ba8a4226de33c586451_Husna Hampton,20,5,2.592182374811205,0.5,3.092182374811205
ccf719b7907c4ba8a4226de33c586451_Husna Hampton,21,5,3.6341233841587415,0.5,4.134123384158741
ccf719b7907c4ba8a4226de33c586451_Husna Hampton,22,5,3.57184977949045,1.0,4.571849779490449
ccf719b7907c4ba8a4226de33c586451_Husna Hampton,23,5,4.213844384701643,1.0,5.213844384701643
ccf719b7907c4ba8a4226de33c586451_Husna Hampton,24,5,3.8383328823450316,1.0,4.838332882345032
ccf719b7907c4ba8a4226de33c586451_Husna Hampton,25,5,3.9128444909169815,0.5,4.4128444909169815
ccf719b7907c4ba8a4226de33c586451_Husna Hampton,26,5,2.8359165314952706,0.5,3.3359165314952706
ccf719b7907c4ba8a4226de33c586451_Husna Hampton,27,5,2.1531370225602564,1.0,3.1531370225602564
ccf719b7907c4ba8a4226de33c586451_Husna Hampton,28,5,2.2500180392308335,1.0,3.2500180392308335
ccf719b7907c4ba8a4226de33c586451_Husna Hampton,29,5,2.913443860142345,1.0,3.913443860142345
ccf719b7907c4ba8a4226de33c586451_Husna Hampton,30,5,2.2281443446114424,0.5,2.7281443446114424
ccf719b7907c4ba8a4226de33c586451_Husna Hampton,31,5,3.7673219078722493,0.5,4.267321907872249
ccf719b7907c4ba8a4226de33c586451_Husna Hampton,32,5,3.375213744556871,0.5,3.875213744556871
ccf719b7907c4ba8a4226de33c586451_Husna Hampton,33,5,3.6023548330561597,0.5,4.102354833056159
ccf719b7907c4ba8a4226de33c586451_Husna Hampton,34,5,2.0480280257935237,1.0,3.0480280257935237
ccf719b7907c4ba8a4226de33c586451_Husna Hampton,35,5,3.678693530853027,1.0,4.678693530853026
ccf719b7907c4ba8a4226de33c586451_Husna Hampton,36,5,2.9589169190915166,1.0,3.9589169190915166
ccf719b7907c4ba8a4226de33c586451_Husna Hampton,37,5,3.6844342357354645,0.5,4.1844342357354645
ccf719b7907c4ba8a4226de33c586451_Husna Hampton,38,5,4.031449519101437,0.0,4.031449519101437
ccf719b7907c4ba8a4226de33c586451_Husna Hampton,39,5,3.899492914657517,1.0,4.899492914657516
ccf719b7907c4ba8a4226de33c586451_Husna Hampton,40,5,2.6637931107174126,0.5,3.1637931107174126
ccf719b7907c4ba8a4226de33c586451_Husna Hampton,41,5,4.133370508949444,0.5,4.633370508949444
ccf719b7907c4ba8a4226de33c586451_Husna Hampton,42,5,3.587005690623868,1.0,4.587005690623868
ccf719b7907c4ba8a4226de33c586451_Husna Hampton,43,5,2.831545405677599,1.0,3.831545405677599
ccf719b7907c4ba8a4226de33c586451_Husna Hampton,44,5,2.812685451678331,0.5,3.312685451678331
ccf719b7907c4ba8a4226de33c586451_Husna Hampton,45,5,3.1348920713039994,0.5,3.6348920713039994
ccf719b7907c4ba8a4226de33c586451_Husna Hampton,46,5,3.0419102913010727,0.5,3.5419102913010727
ccf719b7907c4ba8a4226de33c586451_Husna Hampton,47,5,2.4069815011921905,0.5,2.9069815011921905
ccf719b7907c4ba8a4226de33c586451_Husna Hampton,48,5,3.379987936495601,1.0,4.379987936495601
ccf719b7907c4ba8a4226de33c586451_Husna Hampton,49,5,2.362261967743792,1.0,3.362261967743792
cdaf50ba888b49dc99d7e6aabc5c763b_Lara Fischer,2,5,4.178381548708933,1.0,5.178381548708933
cdaf50ba888b49dc99d7e6aabc5c763b_Lara Fischer,3,5,4.166952157616069,0.5,4.666952157616069
cdaf50ba888b49dc99d7e6aabc5c763b_Lara Fischer,4,5,3.7728967989132256,0.5,4.272896798913226
cdaf50ba888b49dc99d7e6aabc5c763b_Lara Fischer,5,5,3.375213744556871,0.5,3.875213744556871
cdaf50ba888b49dc99d7e6aabc5c763b_Lara Fischer,6,5,2.913443860142345,1.0,3.913443860142345
cdaf50ba888b49dc99d7e6aabc5c763b_Lara Fischer,7,5,4.421644435109686,1.0,5.421644435109686
cdaf50ba888b49dc99d7e6aabc5c763b_Lara Fischer,8,5,1.9246818280201077,0.5,2.4246818280201077
cdaf50ba888b49dc99d7e6aabc5c763b_Lara Fischer,9,5,3.746088324736396,1.0,4.746088324736396
cdaf50ba888b49dc99d7e6aabc5c763b_Lara Fischer,10,5,3.6023548330561597,0.5,4.102354833056159
cdaf50ba888b49dc99d7e6aabc5c763b_Lara Fischer,11,5,2.6637931107174126,0.5,3.1637931107174126
cdaf50ba888b49dc99d7e6aabc5c763b_Lara Fischer,12,5,2.2873817822353715,0.5,2.7873817822353715
cdaf50ba888b49dc99d7e6aabc5c763b_Lara Fischer,13,5,2.2500180392308335,1.0,3.2500180392308335
cdaf50ba888b49dc99d7e6aabc5c763b_Lara Fischer,14,5,3.895496938299361,1.0,4.895496938299361
cdaf50ba888b49dc99d7e6aabc5c763b_Lara Fischer,15,5,2.622448914131229,0.5,3.122448914131229
cdaf50ba888b49dc99d7e6aabc5c763b_Lara Fischer,16,5,2.3314558919613626,0.5,2.8314558919613626
cdaf50ba888b49dc99d7e6aabc5c763b_Lara Fischer,17,5,4.116231462030019,0.0,4.116231462030019
cdaf50ba888b49dc99d7e6aabc5c763b_Lara Fischer,18,5,3.106509500034599,1.0,4.1065095000345995
cdaf50ba888b49dc99d7e6aabc5c763b_Lara Fischer,19,5,1.9469685018072538,0.5,2.4469685018072536
cdaf50ba888b49dc99d7e6aabc5c763b_Lara Fischer,20,5,4.0264027616026326,1.0,5.0264027616026326
cdaf50ba888b49dc99d7e6aabc5c763b_Lara Fischer,21,5,2.499292043571623,1.0,3.499292043571623
cdaf50ba888b49dc99d7e6aabc5c763b_Lara Fischer,22,5,2.7476519225713774,0.5,3.2476519225713774
cdaf50ba888b49dc99d7e6aabc5c763b_Lara Fischer,23,5,2.5295360031114327,0.5,3.0295360031114327
cdaf50ba888b49dc99d7e6aabc5c763b_Lara Fischer,24,5,4.108618487062348,0.5,4.608618487062348
cdaf50ba888b49dc99d7e6aabc5c763b_Lara Fischer,25,5,2.0920467184123743,1.0,3.0920467184123743
cdaf50ba888b49dc99d7e6aabc5c763b_Lara Fischer,26,5,2.2281443446114424,0.5,2.7281443446114424
cdaf50ba888b49dc99d7e6aabc5c763b_Lara Fischer,27,5,2.2989065888636584,0.5,2.7989065888636584
cdaf50ba888b49dc99d7e6aabc5c763b_Lara Fischer,28,5,2.3754532736373455,0.5,2.8754532736373455
cdaf50ba888b49dc99d7e6aabc5c763b_Lara Fischer,29,5,2.8887285602289827,0.5,3.3887285602289827
cdaf50ba888b49dc99d7e6aabc5c763b_Lara Fischer,30,5,3.610025369415904,1.0,4.610025369415904
cdaf50ba888b49dc99d7e6aabc5c763b_Lara Fischer,31,5,2.4428501709074903,0.5,2.9428501709074903
cdaf50ba888b49dc99d7e6aabc5c763b_Lara Fischer,32,5,4.133370508949444,0.5,4.633370508949444
cdaf50ba888b49dc99d7e6aabc5c763b_Lara Fischer,33,5,2.829020080081157,1.0,3.829020080081157
cdaf50ba888b49dc99d7e6aabc5c763b_Lara Fischer,34,5,2.085699715191468,0.5,2.585699715191468
cdaf50ba888b49dc99d7e6aabc5c763b_Lara Fischer,35,5,4.031449519101437,0.0,4.031449519101437
cdaf50ba888b49dc99d7e6aabc5c763b_Lara Fischer,36,5,3.649690012509071,1.0,4.649690012509071
cdaf50ba888b49dc99d7e6aabc5c763b_Lara Fischer,37,5,5.47537252466631,1.0,6.47537252466631
cdaf50ba888b49dc99d7e6aabc5c763b_Lara Fischer,38,5,4.144388952636447,0.5,4.644388952636447
cdaf50ba888b49dc99d7e6aabc5c763b_Lara Fischer,39,5,4.329351734288347,1.0,5.329351734288347
cdaf50ba888b49dc99d7e6aabc5c763b_Lara Fischer,40,5,2.6529405738126184,0.5,3.1529405738126184
cdaf50ba888b49dc99d7e6aabc5c763b_Lara Fischer,41,5,2.812685451678331,0.5,3.312685451678331
cdaf50ba888b49dc99d7e6aabc5c763b_Lara Fischer,42,5,3.307767734132642,0.5,3.807767734132642
cdaf50ba888b49dc99d7e6aabc5c763b_Lara Fischer,43,5,3.1646962999587767,1.0,4.164696299958777
cdaf50ba888b49dc99d7e6aabc5c763b_Lara Fischer,44,5,3.1348920713039994,0.5,3.6348920713039994
cdaf50ba888b49dc99d7e6aabc5c763b_Lara Fischer,45,5,3.603797812314665,1.0,4.6037978123146654
cdaf50ba888b49dc99d7e6aabc5c763b_Lara Fischer,46,5,3.3498967533829127,1.0,4.349896753382913
cdaf50ba888b49dc99d7e6aabc5c763b_Lara Fischer,47,5,2.9964306515323984,0.0,2.9964306515323984
cdaf50ba888b49dc99d7e6aabc5c763b_Lara Fischer,48,5,2.6888955019652854,0.5,3.1888955019652854
cdaf50ba888b49dc99d7e6aabc5c763b_Lara Fischer,49,5,2.6888955019652854,0.5,3.1888955019652854
cdaf50ba888b49dc99d7e6aabc5c763b_Lara Fischer,50,5,1.8750386753831632,0.5,2.375038675383163
cdaf50ba888b49dc99d7e6aabc5c763b_Lara Fischer,51,5,3.2049604316261378,1.0,4.204960431626137
ce550d4a9e474a4c982de928a5103a78_Ferry,2,5,1.9246818280201077,0.5,2.4246818280201077
ce550d4a9e474a4c982de928a5103a78_Ferry,3,5,3.2557818953470496,0.5,3.7557818953470496
ce550d4a9e474a4c982de928a5103a78_Ferry,4,5,3.243242272885977,1.0,4.243242272885977
ce550d4a9e474a4c982de928a5103a78_Ferry,5,5,3.895496938299361,1.0,4.895496938299361
ce550d4a9e474a4c982de928a5103a78_Ferry,6,5,4.152528990910878,1.0,5.152528990910878
ce550d4a9e474a4c982de928a5103a78_Ferry,7,5,1.7444867772230834,0.5,2.2444867772230834
ce550d4a9e474a4c982de928a5103a78_Ferry,8,5,2.938668694540505,1.0,3.938668694540505
ce550d4a9e474a4c982de928a5103a78_Ferry,9,5,4.098079481912619,0.0,4.098079481912619
ce550d4a9e474a4c982de928a5103a78_Ferry,10,5,3.760278147649524,0.0,3.760278147649524
ce550d4a9e474a4c982de928a5103a78_Ferry,11,5,3.3835679927250517,0.5,3.8835679927250517
ce550d4a9e474a4c982de928a5103a78_Ferry,12,5,4.166952157616069,0.5,4.666952157616069
ce550d4a9e474a4c982de928a5103a78_Ferry,13,5,3.740925541563872,0.5,4.240925541563872
ce550d4a9e474a4c982de928a5103a78_Ferry,14,5,2.8541101385147183,0.5,3.3541101385147183
ce550d4a9e474a4c982de928a5103a78_Ferry,15,5,2.499292043571623,1.0,3.499292043571623
ce550d4a9e474a4c982de928a5103a78_Ferry,16,5,2.831545405677599,1.0,3.831545405677599
ce550d4a9e474a4c982de928a5103a78_Ferry,17,5,1.89740928697063,0.5,2.39740928697063
ce550d4a9e474a4c982de928a5103a78_Ferry,18,5,3.1348920713039994,0.5,3.6348920713039994
ce550d4a9e474a4c982de928a5103a78_Ferry,19,5,4.252246590413099,0.5,4.752246590413099
ce550d4a9e474a4c982de928a5103a78_Ferry,20,5,2.8359165314952706,0.5,3.3359165314952706
ce550d4a9e474a4c982de928a5103a78_Ferry,21,5,2.2500180392308335,1.0,3.2500180392308335
ce550d4a9e474a4c982de928a5103a78_Ferry,22,5,3.6844342357354645,0.5,4.1844342357354645
ce550d4a9e474a4c982de928a5103a78_Ferry,23,5,3.899492914657517,1.0,4.899492914657516
ce550d4a9e474a4c982de928a5103a78_Ferry,24,5,5.278476421697779,0.5,5.778476421697779
ce550d4a9e474a4c982de928a5103a78_Ferry,25,5,3.9128444909169815,0.5,4.4128444909169815
ce550d4a9e474a4c982de928a5103a78_Ferry,26,5,2.7476519225713774,0.5,3.2476519225713774
ce550d4a9e474a4c982de928a5103a78_Ferry,27,5,3.57184977949045,1.0,4.571849779490449
ce550d4a9e474a4c982de928a5103a78_Ferry,28,5,2.3754532736373455,0.5,2.8754532736373455
ce550d4a9e474a4c982de928a5103a78_Ferry,29,5,2.61824074217592,0.5,3.11824074217592
ce550d4a9e474a4c982de928a5103a78_Ferry,30,5,4.213844384701643,1.0,5.213844384701643
ce550d4a9e474a4c982de928a5103a78_Ferry,31,5,3.8383328823450316,1.0,4.838332882345032
ce550d4a9e474a4c982de928a5103a78_Ferry,32,5,3.375213744556871,0.5,3.875213744556871
ce550d4a9e474a4c982de928a5103a78_Ferry,33,5,2.6637931107174126,0.5,3.1637931107174126
ce550d4a9e474a4c982de928a5103a78_Ferry,34,5,3.3497748198495976,0.5,3.8497748198495976
ce550d4a9e474a4c982de928a5103a78_Ferry,35,5,4.133370508949444,0.5,4.633370508949444
ce550d4a9e474a4c982de928a5103a78_Ferry,36,5,3.345418034062493,1.0,4.345418034062493
ce550d4a9e474a4c982de928a5103a78_Ferry,37,5,2.5295360031114327,0.5,3.0295360031114327
ce550d4a9e474a4c982de928a5103a78_Ferry,38,5,2.5246147540580357,0.5,3.0246147540580357
ce550d4a9e474a4c982de928a5103a78_Ferry,39,5,2.4069815011921905,0.5,2.9069815011921905
ce550d4a9e474a4c982de928a5103a78_Ferry,40,5,2.942367088464866,1.0,3.942367088464866
ce550d4a9e474a4c982de928a5103a78_Ferry,41,5,2.064479799821526,0.5,2.564479799821526
ce550d4a9e474a4c982de928a5103a78_Ferry,42,5,2.913443860142345,1.0,3.913443860142345
ce550d4a9e474a4c982de928a5103a78_Ferry,43,5,2.2281443446114424,0.5,2.7281443446114424
ce550d4a9e474a4c982de928a5103a78_Ferry,44,5,4.031449519101437,0.0,4.031449519101437
ce550d4a9e474a4c982de928a5103a78_Ferry,45,5,2.0480280257935237,1.0,3.0480280257935237
ce550d4a9e474a4c982de928a5103a78_Ferry,46,5,3.7673219078722493,0.5,4.267321907872249
ce550d4a9e474a4c982de928a5103a78_Ferry,47,5,4.0633139395959645,1.0,5.0633139395959645
ce550d4a9e474a4c982de928a5103a78_Ferry,48,5,3.0419102913010727,0.5,3.5419102913010727
ce550d4a9e474a4c982de928a5103a78_Ferry,49,5,2.1531370225602564,1.0,3.1531370225602564
ce550d4a9e474a4c982de928a5103a78_Ferry,50,5,2.843745852743008,0.0,2.843745852743008
df734b2f512a4a46ab6ed07e3b948f45_Yanyi2005,2,5,2.2500180392308335,1.0,3.2500180392308335
df734b2f512a4a46ab6ed07e3b948f45_Yanyi2005,3,5,3.2557818953470496,0.5,3.7557818953470496
df734b2f512a4a46ab6ed07e3b948f45_Yanyi2005,4,5,3.283854106054055,1.0,4.283854106054055
df734b2f512a4a46ab6ed07e3b948f45_Yanyi2005,5,5,4.031449519101437,0.0,4.031449519101437
df734b2f512a4a46ab6ed07e3b948f45_Yanyi2005,6,5,4.178381548708933,1.0,5.178381548708933
df734b2f512a4a46ab6ed07e3b948f45_Yanyi2005,7,5,3.7728967989132256,0.5,4.272896798913226
df734b2f512a4a46ab6ed07e3b948f45_Yanyi2005,8,5,2.499292043571623,1.0,3.499292043571623
df734b2f512a4a46ab6ed07e3b948f45_Yanyi2005,9,5,4.166952157616069,0.5,4.666952157616069
df734b2f512a4a46ab6ed07e3b948f45_Yanyi2005,10,5,2.913443860142345,1.0,3.913443860142345
df734b2f512a4a46ab6ed07e3b948f45_Yanyi2005,11,5,2.8359165314952706,0.5,3.3359165314952706
df734b2f512a4a46ab6ed07e3b948f45_Yanyi2005,12,5,2.61824074217592,0.5,3.11824074217592
df734b2f512a4a46ab6ed07e3b948f45_Yanyi2005,13,5,2.0920467184123743,1.0,3.0920467184123743
df734b2f512a4a46ab6ed07e3b948f45_Yanyi2005,14,5,2.9610021337346395,1.0,3.9610021337346395
df734b2f512a4a46ab6ed07e3b948f45_Yanyi2005,15,5,3.6023548330561597,0.5,4.102354833056159
df734b2f512a4a46ab6ed07e3b948f45_Yanyi2005,16,5,3.412820003062503,0.5,3.912820003062503
df734b2f512a4a46ab6ed07e3b948f45_Yanyi2005,17,5,2.8887285602289827,0.5,3.3887285602289827
df734b2f512a4a46ab6ed07e3b948f45_Yanyi2005,18,5,4.421644435109686,1.0,5.421644435109686
df734b2f512a4a46ab6ed07e3b948f45_Yanyi2005,19,5,3.793178319375214,0.0,3.793178319375214
df734b2f512a4a46ab6ed07e3b948f45_Yanyi2005,20,5,5.47537252466631,1.0,6.47537252466631
df734b2f512a4a46ab6ed07e3b948f45_Yanyi2005,21,5,3.230910912338502,0.5,3.730910912338502
df734b2f512a4a46ab6ed07e3b948f45_Yanyi2005,22,5,2.829020080081157,1.0,3.829020080081157
df734b2f512a4a46ab6ed07e3b948f45_Yanyi2005,23,5,1.9246818280201077,0.5,2.4246818280201077
df734b2f512a4a46ab6ed07e3b948f45_Yanyi2005,24,5,3.1348920713039994,0.5,3.6348920713039994
df734b2f512a4a46ab6ed07e3b948f45_Yanyi2005,25,5,4.16431812501201,0.5,4.66431812501201
df734b2f512a4a46ab6ed07e3b948f45_Yanyi2005,26,5,2.4069815011921905,0.5,2.9069815011921905
df734b2f512a4a46ab6ed07e3b948f45_Yanyi2005,27,5,3.5422695848182015,1.0,4.542269584818202
df734b2f512a4a46ab6ed07e3b948f45_Yanyi2005,28,5,2.3872800806106724,1.0,3.3872800806106724
df734b2f512a4a46ab6ed07e3b948f45_Yanyi2005,29,5,3.375213744556871,0.5,3.875213744556871
df734b2f512a4a46ab6ed07e3b948f45_Yanyi2005,30,5,1.9469685018072538,0.5,2.4469685018072536
df734b2f512a4a46ab6ed07e3b948f45_Yanyi2005,31,5,2.5295360031114327,0.5,3.0295360031114327
df734b2f512a4a46ab6ed07e3b948f45_Yanyi2005,32,5,2.4939034403771503,1.0,3.4939034403771503
df734b2f512a4a46ab6ed07e3b948f45_Yanyi2005,33,5,5.1390937370715095,1.0,6.1390937370715095
df734b2f512a4a46ab6ed07e3b948f45_Yanyi2005,34,5,2.8870272769061835,1.0,3.8870272769061835
df734b2f512a4a46ab6ed07e3b948f45_Yanyi2005,35,5,2.812685451678331,0.5,3.312685451678331
df734b2f512a4a46ab6ed07e3b948f45_Yanyi2005,36,5,4.108618487062348,0.5,4.608618487062348
df734b2f512a4a46ab6ed07e3b948f45_Yanyi2005,37,5,3.996450410655915,0.5,4.496450410655915
df734b2f512a4a46ab6ed07e3b948f45_Yanyi2005,38,5,2.980651558159731,1.0,3.980651558159731
df734b2f512a4a46ab6ed07e3b948f45_Yanyi2005,39,5,2.2989065888636584,0.5,2.7989065888636584
df734b2f512a4a46ab6ed07e3b948f45_Yanyi2005,40,5,3.211872893120061,1.0,4.211872893120061
df734b2f512a4a46ab6ed07e3b948f45_Yanyi2005,41,5,3.4890151458237075,0.0,3.4890151458237075
df734b2f512a4a46ab6ed07e3b948f45_Yanyi2005,42,5,3.346136898965354,0.5,3.846136898965354
df734b2f512a4a46ab6ed07e3b948f45_Yanyi2005,43,5,2.2281443446114424,0.5,2.7281443446114424
df734b2f512a4a46ab6ed07e3b948f45_Yanyi2005,44,5,3.1646962999587767,1.0,4.164696299958777
df734b2f512a4a46ab6ed07e3b948f45_Yanyi2005,45,5,1.9147275043358378,0.5,2.414727504335838
df734b2f512a4a46ab6ed07e3b948f45_Yanyi2005,46,5,3.106509500034599,1.0,4.1065095000345995
df734b2f512a4a46ab6ed07e3b948f45_Yanyi2005,47,5,4.116231462030019,0.0,4.116231462030019
df734b2f512a4a46ab6ed07e3b948f45_Yanyi2005,48,5,3.211961302582907,0.5,3.711961302582907
df734b2f512a4a46ab6ed07e3b948f45_Yanyi2005,49,5,2.0537739659494996,0.5,2.5537739659494996
df734b2f512a4a46ab6ed07e3b948f45_Yanyi2005,50,5,3.3998824132739323,0.5,3.8998824132739323
df734b2f512a4a46ab6ed07e3b948f45_Yanyi2005,51,5,2.1931611998074816,1.0,3.1931611998074816
e46279820fed4765b2bd5e369d40a260_Ferry,2,5,2.8887285602289827,0.5,3.3887285602289827
e46279820fed4765b2bd5e369d40a260_Ferry,3,5,4.178381548708933,1.0,5.178381548708933
e46279820fed4765b2bd5e369d40a260_Ferry,4,5,3.2557818953470496,0.5,3.7557818953470496
e46279820fed4765b2bd5e369d40a260_Ferry,5,5,4.133370508949444,0.5,4.633370508949444
e46279820fed4765b2bd5e369d40a260_Ferry,6,5,3.283854106054055,1.0,4.283854106054055
e46279820fed4765b2bd5e369d40a260_Ferry,7,5,3.7728967989132256,0.5,4.272896798913226
e46279820fed4765b2bd5e369d40a260_Ferry,8,5,2.8359165314952706,0.5,3.3359165314952706
e46279820fed4765b2bd5e369d40a260_Ferry,9,5,4.134020956343208,0.5,4.634020956343208
e46279820fed4765b2bd5e369d40a260_Ferry,10,5,2.5295360031114327,0.5,3.0295360031114327
e46279820fed4765b2bd5e369d40a260_Ferry,11,5,3.7513663160286486,0.5,4.251366316028649
e46279820fed4765b2bd5e369d40a260_Ferry,12,5,3.6361140152561786,1.0,4.636114015256179
e46279820fed4765b2bd5e369d40a260_Ferry,13,5,5.257247789577787,0.5,5.757247789577787
e46279820fed4765b2bd5e369d40a260_Ferry,14,5,3.375213744556871,0.5,3.875213744556871
e46279820fed4765b2bd5e369d40a260_Ferry,15,5,3.793178319375214,0.0,3.793178319375214
e46279820fed4765b2bd5e369d40a260_Ferry,16,5,2.1887599708516716,0.5,2.6887599708516716
e46279820fed4765b2bd5e369d40a260_Ferry,17,5,2.61824074217592,0.5,3.11824074217592
e46279820fed4765b2bd5e369d40a260_Ferry,18,5,2.372057998501993,0.5,2.872057998501993
e46279820fed4765b2bd5e369d40a260_Ferry,19,5,2.5890695812987947,0.5,3.0890695812987947
e46279820fed4765b2bd5e369d40a260_Ferry,20,5,4.098079481912619,0.0,4.098079481912619
e46279820fed4765b2bd5e369d40a260_Ferry,21,5,2.913443860142345,1.0,3.913443860142345
e46279820fed4765b2bd5e369d40a260_Ferry,22,5,2.2105385826538666,0.5,2.7105385826538666
e46279820fed4765b2bd5e369d40a260_Ferry,23,5,4.086380451529964,0.5,4.586380451529964
e46279820fed4765b2bd5e369d40a260_Ferry,24,5,2.929750247459324,1.0,3.929750247459324
e46279820fed4765b2bd5e369d40a260_Ferry,25,5,3.043972430131555,1.0,4.043972430131555
e46279820fed4765b2bd5e369d40a260_Ferry,26,5,4.031449519101437,0.0,4.031449519101437
e46279820fed4765b2bd5e369d40a260_Ferry,27,5,2.3754532736373455,0.5,2.8754532736373455
e46279820fed4765b2bd5e369d40a260_Ferry,28,5,2.8435193146594115,0.0,2.8435193146594115
e46279820fed4765b2bd5e369d40a260_Ferry,29,5,1.9973718629588457,0.5,2.497371862958846
e46279820fed4765b2bd5e369d40a260_Ferry,30,5,2.5845578570908705,0.5,3.0845578570908705
e46279820fed4765b2bd5e369d40a260_Ferry,31,5,2.0154193112530168,0.5,2.5154193112530168
e46279820fed4765b2bd5e369d40a260_Ferry,32,5,2.90569925542866,0.0,2.90569925542866
e46279820fed4765b2bd5e369d40a260_Ferry,33,5,3.4695035144349418,0.5,3.9695035144349418
e46279820fed4765b2bd5e369d40a260_Ferry,34,5,4.394395653876848,1.0,5.394395653876848
e46279820fed4765b2bd5e369d40a260_Ferry,35,5,1.8701092107248158,0.5,2.3701092107248156
e46279820fed4765b2bd5e369d40a260_Ferry,36,5,4.0264027616026326,1.0,5.0264027616026326
e46279820fed4765b2bd5e369d40a260_Ferry,37,5,3.4735484759348405,0.0,3.4735484759348405
e46279820fed4765b2bd5e369d40a260_Ferry,38,5,3.3572099222422995,0.5,3.8572099222422995
e46279820fed4765b2bd5e369d40a260_Ferry,39,5,3.1090653394267913,0.5,3.6090653394267913
e46279820fed4765b2bd5e369d40a260_Ferry,40,5,2.620444330918956,1.0,3.620444330918956
e46279820fed4765b2bd5e369d40a260_Ferry,41,5,3.189366522466609,0.5,3.689366522466609
e46279820fed4765b2bd5e369d40a260_Ferry,42,5,5.864951360135404,1.0,6.864951360135404
e46279820fed4765b2bd5e369d40a260_Ferry,43,5,3.277860553960002,0.5,3.777860553960002
e46279820fed4765b2bd5e369d40a260_Ferry,44,5,1.9246818280201077,0.5,2.4246818280201077
e46279820fed4765b2bd5e369d40a260_Ferry,45,5,2.3498564755507916,0.5,2.8498564755507916
e46279820fed4765b2bd5e369d40a260_Ferry,46,5,3.0967279845233655,1.0,4.0967279845233655
e46279820fed4765b2bd5e369d40a260_Ferry,47,5,2.8139294944190274,1.0,3.8139294944190274
e46279820fed4765b2bd5e369d40a260_Ferry,48,5,3.5769707387199587,0.5,4.076970738719959
e46279820fed4765b2bd5e369d40a260_Ferry,49,5,3.509377598801007,1.0,4.509377598801008
e46279820fed4765b2bd5e369d40a260_Ferry,50,5,2.812685451678331,0.5,3.312685451678331
e46279820fed4765b2bd5e369d40a260_Ferry,51,5,2.2515763718081585,0.5,2.7515763718081585
e88c10f8216446ada219a38164341a72_Michael Gordan,2,5,2.980651558159731,1.0,3.980651558159731
e88c10f8216446ada219a38164341a72_Michael Gordan,3,5,4.031449519101437,0.0,4.031449519101437
e88c10f8216446ada219a38164341a72_Michael Gordan,4,5,4.178381548708933,1.0,5.178381548708933
e88c10f8216446ada219a38164341a72_Michael Gordan,5,5,3.6023548330561597,0.5,4.102354833056159
e88c10f8216446ada219a38164341a72_Michael Gordan,6,5,3.7728967989132256,0.5,4.272896798913226
e88c10f8216446ada219a38164341a72_Michael Gordan,7,5,4.133370508949444,0.5,4.633370508949444
e88c10f8216446ada219a38164341a72_Michael Gordan,8,5,2.2500180392308335,1.0,3.2500180392308335
e88c10f8216446ada219a38164341a72_Michael Gordan,9,5,4.116231462030019,0.0,4.116231462030019
e88c10f8216446ada219a38164341a72_Michael Gordan,10,5,3.895496938299361,1.0,4.895496938299361
e88c10f8216446ada219a38164341a72_Michael Gordan,11,5,3.793178319375214,0.0,3.793178319375214
e88c10f8216446ada219a38164341a72_Michael Gordan,12,5,3.283854106054055,1.0,4.283854106054055
e88c10f8216446ada219a38164341a72_Michael Gordan,13,5,2.9610021337346395,1.0,3.9610021337346395
e88c10f8216446ada219a38164341a72_Michael Gordan,14,5,2.499292043571623,1.0,3.499292043571623
e88c10f8216446ada219a38164341a72_Michael Gordan,15,5,1.9246818280201077,0.5,2.4246818280201077
e88c10f8216446ada219a38164341a72_Michael Gordan,16,5,3.2557818953470496,0.5,3.7557818953470496
e88c10f8216446ada219a38164341a72_Michael Gordan,17,5,3.3125379975653986,1.0,4.312537997565398
e88c10f8216446ada219a38164341a72_Michael Gordan,18,5,4.049952284108608,0.5,4.549952284108608
e88c10f8216446ada219a38164341a72_Michael Gordan,19,5,3.1348920713039994,0.5,3.6348920713039994
e88c10f8216446ada219a38164341a72_Michael Gordan,20,5,2.0920467184123743,1.0,3.0920467184123743
e88c10f8216446ada219a38164341a72_Michael Gordan,21,5,2.8359165314952706,0.5,3.3359165314952706
e88c10f8216446ada219a38164341a72_Michael Gordan,22,5,2.5295360031114327,0.5,3.0295360031114327
e88c10f8216446ada219a38164341a72_Michael Gordan,23,5,4.252246590413099,0.5,4.752246590413099
e88c10f8216446ada219a38164341a72_Michael Gordan,24,5,2.6668292532594715,0.5,3.1668292532594715
e88c10f8216446ada219a38164341a72_Michael Gordan,25,5,3.230910912338502,0.5,3.730910912338502
e88c10f8216446ada219a38164341a72_Michael Gordan,26,5,2.4428501709074903,0.5,2.9428501709074903
e88c10f8216446ada219a38164341a72_Michael Gordan,27,5,3.375213744556871,0.5,3.875213744556871
e88c10f8216446ada219a38164341a72_Michael Gordan,28,5,3.211961302582907,0.5,3.711961302582907
e88c10f8216446ada219a38164341a72_Michael Gordan,29,5,3.7159873146675713,1.0,4.715987314667571
e88c10f8216446ada219a38164341a72_Michael Gordan,30,5,3.346136898965354,0.5,3.846136898965354
e88c10f8216446ada219a38164341a72_Michael Gordan,31,5,4.08512134868464,0.5,4.58512134868464
e88c10f8216446ada219a38164341a72_Michael Gordan,32,5,2.6637931107174126,0.5,3.1637931107174126
e88c10f8216446ada219a38164341a72_Michael Gordan,33,5,3.480695479016626,0.0,3.480695479016626
e88c10f8216446ada219a38164341a72_Michael Gordan,34,5,2.6529405738126184,0.5,3.1529405738126184
e88c10f8216446ada219a38164341a72_Michael Gordan,35,5,1.9545770589546272,0.5,2.4545770589546274
e88c10f8216446ada219a38164341a72_Michael Gordan,36,5,2.913443860142345,1.0,3.913443860142345
e88c10f8216446ada219a38164341a72_Michael Gordan,37,5,1.9387141994047952,0.5,2.438714199404795
e88c10f8216446ada219a38164341a72_Michael Gordan,38,5,5.47537252466631,1.0,6.47537252466631
e88c10f8216446ada219a38164341a72_Michael Gordan,39,5,2.5246147540580357,0.5,3.0246147540580357
e88c10f8216446ada219a38164341a72_Michael Gordan,40,5,3.6557782301853923,0.0,3.6557782301853923
e88c10f8216446ada219a38164341a72_Michael Gordan,41,5,3.307767734132642,0.5,3.807767734132642
e88c10f8216446ada219a38164341a72_Michael Gordan,42,5,1.970448598854139,1.0,2.970448598854139
e88c10f8216446ada219a38164341a72_Michael Gordan,43,5,2.0537739659494996,0.5,2.5537739659494996
e88c10f8216446ada219a38164341a72_Michael Gordan,44,5,2.4939034403771503,1.0,3.4939034403771503
e88c10f8216446ada219a38164341a72_Michael Gordan,45,5,2.7476519225713774,0.5,3.2476519225713774
e88c10f8216446ada219a38164341a72_Michael Gordan,46,5,2.6135828316768617,1.0,3.6135828316768617
e88c10f8216446ada219a38164341a72_Michael Gordan,47,5,2.8870272769061835,1.0,3.8870272769061835
e88c10f8216446ada219a38164341a72_Michael Gordan,48,5,2.2281443446114424,0.5,2.7281443446114424
e88c10f8216446ada219a38164341a72_Michael Gordan,49,5,3.5422695848182015,1.0,4.542269584818202
e88c10f8216446ada219a38164341a72_Michael Gordan,50,5,3.3998824132739323,0.5,3.8998824132739323
e88c10f8216446ada219a38164341a72_Michael Gordan,51,5,2.9964306515323984,0.0,2.9964306515323984
f47677960ad044819291b0a57cae6c84_Ömercan3,2,5,3.2557818953470496,0.5,3.7557818953470496
f47677960ad044819291b0a57cae6c84_Ömercan3,3,5,3.283854106054055,1.0,4.283854106054055
f47677960ad044819291b0a57cae6c84_Ömercan3,4,5,4.178381548708933,1.0,5.178381548708933
f47677960ad044819291b0a57cae6c84_Ömercan3,5,5,4.116231462030019,0.0,4.116231462030019
f47677960ad044819291b0a57cae6c84_Ömercan3,6,5,2.499292043571623,1.0,3.499292043571623
f47677960ad044819291b0a57cae6c84_Ömercan3,7,5,3.895496938299361,1.0,4.895496938299361
f47677960ad044819291b0a57cae6c84_Ömercan3,8,5,3.412820003062503,0.5,3.912820003062503
f47677960ad044819291b0a57cae6c84_Ömercan3,9,5,2.913443860142345,1.0,3.913443860142345
f47677960ad044819291b0a57cae6c84_Ömercan3,10,5,3.307767734132642,0.5,3.807767734132642
f47677960ad044819291b0a57cae6c84_Ömercan3,11,5,2.8887285602289827,0.5,3.3887285602289827
f47677960ad044819291b0a57cae6c84_Ömercan3,12,5,2.980651558159731,1.0,3.980651558159731
f47677960ad044819291b0a57cae6c84_Ömercan3,13,5,5.278476421697779,0.5,5.778476421697779
f47677960ad044819291b0a57cae6c84_Ömercan3,14,5,3.65066329836336,1.0,4.6506632983633605
f47677960ad044819291b0a57cae6c84_Ömercan3,15,5,2.817199763701393,1.0,3.817199763701393
f47677960ad044819291b0a57cae6c84_Ömercan3,16,5,4.133370508949444,0.5,4.633370508949444
f47677960ad044819291b0a57cae6c84_Ömercan3,17,5,4.031449519101437,0.0,4.031449519101437
f47677960ad044819291b0a57cae6c84_Ömercan3,18,5,2.6637931107174126,0.5,3.1637931107174126
f47677960ad044819291b0a57cae6c84_Ömercan3,19,5,1.9181693413707896,1.0,2.9181693413707896
f47677960ad044819291b0a57cae6c84_Ömercan3,20,5,4.0264027616026326,1.0,5.0264027616026326
f47677960ad044819291b0a57cae6c84_Ömercan3,21,5,3.5621828496272907,1.0,4.562182849627291
f47677960ad044819291b0a57cae6c84_Ömercan3,22,5,4.252246590413099,0.5,4.752246590413099
f47677960ad044819291b0a57cae6c84_Ömercan3,23,5,2.874169007802847,0.0,2.874169007802847
f47677960ad044819291b0a57cae6c84_Ömercan3,24,5,3.1646962999587767,1.0,4.164696299958777
f47677960ad044819291b0a57cae6c84_Ömercan3,25,5,2.8870272769061835,1.0,3.8870272769061835
f47677960ad044819291b0a57cae6c84_Ömercan3,26,5,2.5295360031114327,0.5,3.0295360031114327
f47677960ad044819291b0a57cae6c84_Ömercan3,27,5,4.421644435109686,1.0,5.421644435109686
f47677960ad044819291b0a57cae6c84_Ömercan3,28,5,2.9926136901793563,1.0,3.9926136901793563
f47677960ad044819291b0a57cae6c84_Ömercan3,29,5,3.375213744556871,0.5,3.875213744556871
f47677960ad044819291b0a57cae6c84_Ömercan3,30,5,2.2500180392308335,1.0,3.2500180392308335
f47677960ad044819291b0a57cae6c84_Ömercan3,31,5,3.1781680470553284,1.0,4.178168047055328
f47677960ad044819291b0a57cae6c84_Ömercan3,32,5,2.0537739659494996,0.5,2.5537739659494996
f47677960ad044819291b0a57cae6c84_Ömercan3,33,5,2.5507902906143647,0.5,3.0507902906143647
f47677960ad044819291b0a57cae6c84_Ömercan3,34,5,2.84389396594474,1.0,3.84389396594474
f47677960ad044819291b0a57cae6c84_Ömercan3,35,5,1.9246818280201077,0.5,2.4246818280201077
f47677960ad044819291b0a57cae6c84_Ömercan3,36,5,2.8383261809928584,0.5,3.3383261809928584
f47677960ad044819291b0a57cae6c84_Ömercan3,37,5,2.4330310951657568,1.0,3.4330310951657568
f47677960ad044819291b0a57cae6c84_Ömercan3,38,5,2.3854392726596516,0.5,2.8854392726596516
f47677960ad044819291b0a57cae6c84_Ömercan3,39,5,2.6135828316768617,1.0,3.6135828316768617
f47677960ad044819291b0a57cae6c84_Ömercan3,40,5,2.2873817822353715,0.5,2.7873817822353715
f47677960ad044819291b0a57cae6c84_Ömercan3,41,5,2.5171415316127272,0.5,3.0171415316127272
f47677960ad044819291b0a57cae6c84_Ömercan3,42,5,2.0920467184123743,1.0,3.0920467184123743
f47677960ad044819291b0a57cae6c84_Ömercan3,43,5,3.1881460023007806,0.5,3.6881460023007806
f47677960ad044819291b0a57cae6c84_Ömercan3,44,5,3.793178319375214,0.0,3.793178319375214
f47677960ad044819291b0a57cae6c84_Ömercan3,45,5,3.3498967533829127,1.0,4.349896753382913
f47677960ad044819291b0a57cae6c84_Ömercan3,46,5,2.61824074217592,0.5,3.11824074217592
f47677960ad044819291b0a57cae6c84_Ömercan3,47,5,2.7671788450926265,0.5,3.2671788450926265
f47677960ad044819291b0a57cae6c84_Ömercan3,48,5,2.4032183652910746,0.5,2.9032183652910746
f47677960ad044819291b0a57cae6c84_Ömercan3,49,5,2.6534480908531313,1.0,3.6534480908531313
f47677960ad044819291b0a57cae6c84_Ömercan3,50,5,4.166952157616069,0.5,4.666952157616069
f47677960ad044819291b0a57cae6c84_Ömercan3,51,5,2.8359165314952706,0.5,3.3359165314952706
